DEBUG - 2026-07-29 08:29:02 --> Session: Class initialized using 'CodeIgniter\Session\Handlers\FileHandler' driver.
DEBUG - 2026-07-29 08:29:31 --> Session: Class initialized using 'CodeIgniter\Session\Handlers\FileHandler' driver.
DEBUG - 2026-07-29 08:29:34 --> Session: Class initialized using 'CodeIgniter\Session\Handlers\FileHandler' driver.
WARNING - 2026-07-29 08:29:35 --> [DEPRECATED] Creation of dynamic property App\Controllers\Apps\AppsController::$apps is deprecated in APPPATH/Controllers/Apps/AppsController.php on line 14.
 1 SYSTEMPATH/CodeIgniter.php(903): App\Controllers\Apps\AppsController->__construct()
 2 SYSTEMPATH/CodeIgniter.php(498): CodeIgniter\CodeIgniter->createController()
 3 SYSTEMPATH/CodeIgniter.php(354): CodeIgniter\CodeIgniter->handleRequest(null, Object(Config\Cache), false)
 4 SYSTEMPATH/Boot.php(334): CodeIgniter\CodeIgniter->run()
 5 SYSTEMPATH/Boot.php(67): CodeIgniter\Boot::runCodeIgniter(Object(CodeIgniter\CodeIgniter))
 6 FCPATH/index.php(56): CodeIgniter\Boot::bootWeb(Object(Config\Paths))
DEBUG - 2026-07-29 08:29:39 --> Session: Class initialized using 'CodeIgniter\Session\Handlers\FileHandler' driver.
WARNING - 2026-07-29 08:29:39 --> [DEPRECATED] Creation of dynamic property App\Controllers\Apps\FetchData::$apps is deprecated in APPPATH/Controllers/Apps/FetchData.php on line 21.
 1 SYSTEMPATH/CodeIgniter.php(903): App\Controllers\Apps\FetchData->__construct()
 2 SYSTEMPATH/CodeIgniter.php(498): CodeIgniter\CodeIgniter->createController()
 3 SYSTEMPATH/CodeIgniter.php(354): CodeIgniter\CodeIgniter->handleRequest(null, Object(Config\Cache), false)
 4 SYSTEMPATH/Boot.php(334): CodeIgniter\CodeIgniter->run()
 5 SYSTEMPATH/Boot.php(67): CodeIgniter\Boot::runCodeIgniter(Object(CodeIgniter\CodeIgniter))
 6 FCPATH/index.php(56): CodeIgniter\Boot::bootWeb(Object(Config\Paths))
DEBUG - 2026-07-29 08:29:48 --> Session: Class initialized using 'CodeIgniter\Session\Handlers\FileHandler' driver.
WARNING - 2026-07-29 08:29:48 --> [DEPRECATED] Creation of dynamic property App\Controllers\Apps\AppsController::$apps is deprecated in APPPATH/Controllers/Apps/AppsController.php on line 14.
 1 SYSTEMPATH/CodeIgniter.php(903): App\Controllers\Apps\AppsController->__construct()
 2 SYSTEMPATH/CodeIgniter.php(498): CodeIgniter\CodeIgniter->createController()
 3 SYSTEMPATH/CodeIgniter.php(354): CodeIgniter\CodeIgniter->handleRequest(null, Object(Config\Cache), false)
 4 SYSTEMPATH/Boot.php(334): CodeIgniter\CodeIgniter->run()
 5 SYSTEMPATH/Boot.php(67): CodeIgniter\Boot::runCodeIgniter(Object(CodeIgniter\CodeIgniter))
 6 FCPATH/index.php(56): CodeIgniter\Boot::bootWeb(Object(Config\Paths))
DEBUG - 2026-07-29 08:29:51 --> Session: Class initialized using 'CodeIgniter\Session\Handlers\FileHandler' driver.
WARNING - 2026-07-29 08:29:51 --> [DEPRECATED] Creation of dynamic property App\Controllers\Apps\FetchData::$apps is deprecated in APPPATH/Controllers/Apps/FetchData.php on line 21.
 1 SYSTEMPATH/CodeIgniter.php(903): App\Controllers\Apps\FetchData->__construct()
 2 SYSTEMPATH/CodeIgniter.php(498): CodeIgniter\CodeIgniter->createController()
 3 SYSTEMPATH/CodeIgniter.php(354): CodeIgniter\CodeIgniter->handleRequest(null, Object(Config\Cache), false)
 4 SYSTEMPATH/Boot.php(334): CodeIgniter\CodeIgniter->run()
 5 SYSTEMPATH/Boot.php(67): CodeIgniter\Boot::runCodeIgniter(Object(CodeIgniter\CodeIgniter))
 6 FCPATH/index.php(56): CodeIgniter\Boot::bootWeb(Object(Config\Paths))
DEBUG - 2026-07-29 08:29:57 --> Session: Class initialized using 'CodeIgniter\Session\Handlers\FileHandler' driver.
DEBUG - 2026-07-29 08:30:19 --> Session: Class initialized using 'CodeIgniter\Session\Handlers\FileHandler' driver.
DEBUG - 2026-07-29 08:30:22 --> Session: Class initialized using 'CodeIgniter\Session\Handlers\FileHandler' driver.
DEBUG - 2026-07-29 08:30:22 --> Session: Class initialized using 'CodeIgniter\Session\Handlers\FileHandler' driver.
DEBUG - 2026-07-29 08:30:45 --> Session: Class initialized using 'CodeIgniter\Session\Handlers\FileHandler' driver.
CRITICAL - 2026-07-29 08:31:07 --> CodeIgniter\HTTP\Exceptions\BadRequestException: The URI you submitted has disallowed characters: "@dataTablesBund"
[Method: GET, Route: apps/assets/extensions/@dataTablesBund/pdfmake.min.js.map]
in SYSTEMPATH/Router/Router.php on line 739.
 1 SYSTEMPATH/Router/Router.php(207): CodeIgniter\Router\Router->checkDisallowedChars('apps/assets/extensions/@dataTablesBund/pdfmake.min.js.map')
 2 SYSTEMPATH/CodeIgniter.php(832): CodeIgniter\Router\Router->handle('apps/assets/extensions/@dataTablesBund/pdfmake.min.js.map')
 3 SYSTEMPATH/CodeIgniter.php(455): CodeIgniter\CodeIgniter->tryToRouteIt(Object(CodeIgniter\Router\RouteCollection))
 4 SYSTEMPATH/CodeIgniter.php(354): CodeIgniter\CodeIgniter->handleRequest(null, Object(Config\Cache), false)
 5 SYSTEMPATH/Boot.php(334): CodeIgniter\CodeIgniter->run()
 6 SYSTEMPATH/Boot.php(67): CodeIgniter\Boot::runCodeIgniter(Object(CodeIgniter\CodeIgniter))
 7 FCPATH/index.php(56): CodeIgniter\Boot::bootWeb(Object(Config\Paths))
DEBUG - 2026-07-29 08:35:15 --> Session: Class initialized using 'CodeIgniter\Session\Handlers\FileHandler' driver.
CRITICAL - 2026-07-29 08:35:18 --> CodeIgniter\HTTP\Exceptions\BadRequestException: The URI you submitted has disallowed characters: "@dataTablesBund"
[Method: GET, Route: apps/assets/extensions/@dataTablesBund/pdfmake.min.js.map]
in SYSTEMPATH/Router/Router.php on line 739.
 1 SYSTEMPATH/Router/Router.php(207): CodeIgniter\Router\Router->checkDisallowedChars('apps/assets/extensions/@dataTablesBund/pdfmake.min.js.map')
 2 SYSTEMPATH/CodeIgniter.php(832): CodeIgniter\Router\Router->handle('apps/assets/extensions/@dataTablesBund/pdfmake.min.js.map')
 3 SYSTEMPATH/CodeIgniter.php(455): CodeIgniter\CodeIgniter->tryToRouteIt(Object(CodeIgniter\Router\RouteCollection))
 4 SYSTEMPATH/CodeIgniter.php(354): CodeIgniter\CodeIgniter->handleRequest(null, Object(Config\Cache), false)
 5 SYSTEMPATH/Boot.php(334): CodeIgniter\CodeIgniter->run()
 6 SYSTEMPATH/Boot.php(67): CodeIgniter\Boot::runCodeIgniter(Object(CodeIgniter\CodeIgniter))
 7 FCPATH/index.php(56): CodeIgniter\Boot::bootWeb(Object(Config\Paths))
DEBUG - 2026-07-29 08:37:11 --> Session: Class initialized using 'CodeIgniter\Session\Handlers\FileHandler' driver.
CRITICAL - 2026-07-29 08:37:15 --> CodeIgniter\HTTP\Exceptions\BadRequestException: The URI you submitted has disallowed characters: "@dataTablesBund"
[Method: GET, Route: apps/assets/extensions/@dataTablesBund/pdfmake.min.js.map]
in SYSTEMPATH/Router/Router.php on line 739.
 1 SYSTEMPATH/Router/Router.php(207): CodeIgniter\Router\Router->checkDisallowedChars('apps/assets/extensions/@dataTablesBund/pdfmake.min.js.map')
 2 SYSTEMPATH/CodeIgniter.php(832): CodeIgniter\Router\Router->handle('apps/assets/extensions/@dataTablesBund/pdfmake.min.js.map')
 3 SYSTEMPATH/CodeIgniter.php(455): CodeIgniter\CodeIgniter->tryToRouteIt(Object(CodeIgniter\Router\RouteCollection))
 4 SYSTEMPATH/CodeIgniter.php(354): CodeIgniter\CodeIgniter->handleRequest(null, Object(Config\Cache), false)
 5 SYSTEMPATH/Boot.php(334): CodeIgniter\CodeIgniter->run()
 6 SYSTEMPATH/Boot.php(67): CodeIgniter\Boot::runCodeIgniter(Object(CodeIgniter\CodeIgniter))
 7 FCPATH/index.php(56): CodeIgniter\Boot::bootWeb(Object(Config\Paths))
DEBUG - 2026-07-29 08:38:03 --> Session: Class initialized using 'CodeIgniter\Session\Handlers\FileHandler' driver.
CRITICAL - 2026-07-29 08:38:06 --> CodeIgniter\HTTP\Exceptions\BadRequestException: The URI you submitted has disallowed characters: "@dataTablesBund"
[Method: GET, Route: apps/assets/extensions/@dataTablesBund/pdfmake.min.js.map]
in SYSTEMPATH/Router/Router.php on line 739.
 1 SYSTEMPATH/Router/Router.php(207): CodeIgniter\Router\Router->checkDisallowedChars('apps/assets/extensions/@dataTablesBund/pdfmake.min.js.map')
 2 SYSTEMPATH/CodeIgniter.php(832): CodeIgniter\Router\Router->handle('apps/assets/extensions/@dataTablesBund/pdfmake.min.js.map')
 3 SYSTEMPATH/CodeIgniter.php(455): CodeIgniter\CodeIgniter->tryToRouteIt(Object(CodeIgniter\Router\RouteCollection))
 4 SYSTEMPATH/CodeIgniter.php(354): CodeIgniter\CodeIgniter->handleRequest(null, Object(Config\Cache), false)
 5 SYSTEMPATH/Boot.php(334): CodeIgniter\CodeIgniter->run()
 6 SYSTEMPATH/Boot.php(67): CodeIgniter\Boot::runCodeIgniter(Object(CodeIgniter\CodeIgniter))
 7 FCPATH/index.php(56): CodeIgniter\Boot::bootWeb(Object(Config\Paths))
DEBUG - 2026-07-29 08:38:06 --> Session: Class initialized using 'CodeIgniter\Session\Handlers\FileHandler' driver.
DEBUG - 2026-07-29 08:38:06 --> Session: Class initialized using 'CodeIgniter\Session\Handlers\FileHandler' driver.
DEBUG - 2026-07-29 08:38:07 --> Session: Class initialized using 'CodeIgniter\Session\Handlers\FileHandler' driver.
DEBUG - 2026-07-29 08:38:07 --> Session: Class initialized using 'CodeIgniter\Session\Handlers\FileHandler' driver.
DEBUG - 2026-07-29 08:38:20 --> Session: Class initialized using 'CodeIgniter\Session\Handlers\FileHandler' driver.
DEBUG - 2026-07-29 08:38:21 --> Session: Class initialized using 'CodeIgniter\Session\Handlers\FileHandler' driver.
DEBUG - 2026-07-29 08:38:22 --> Session: Class initialized using 'CodeIgniter\Session\Handlers\FileHandler' driver.
DEBUG - 2026-07-29 08:38:23 --> Session: Class initialized using 'CodeIgniter\Session\Handlers\FileHandler' driver.
DEBUG - 2026-07-29 08:38:23 --> Session: Class initialized using 'CodeIgniter\Session\Handlers\FileHandler' driver.
DEBUG - 2026-07-29 08:38:23 --> Session: Class initialized using 'CodeIgniter\Session\Handlers\FileHandler' driver.
DEBUG - 2026-07-29 08:38:24 --> Session: Class initialized using 'CodeIgniter\Session\Handlers\FileHandler' driver.
DEBUG - 2026-07-29 08:38:25 --> Session: Class initialized using 'CodeIgniter\Session\Handlers\FileHandler' driver.
DEBUG - 2026-07-29 08:38:27 --> Session: Class initialized using 'CodeIgniter\Session\Handlers\FileHandler' driver.
DEBUG - 2026-07-29 08:38:32 --> Session: Class initialized using 'CodeIgniter\Session\Handlers\FileHandler' driver.
DEBUG - 2026-07-29 08:38:40 --> Session: Class initialized using 'CodeIgniter\Session\Handlers\FileHandler' driver.
DEBUG - 2026-07-29 08:38:42 --> Session: Class initialized using 'CodeIgniter\Session\Handlers\FileHandler' driver.
DEBUG - 2026-07-29 08:38:43 --> Session: Class initialized using 'CodeIgniter\Session\Handlers\FileHandler' driver.
DEBUG - 2026-07-29 08:38:45 --> Session: Class initialized using 'CodeIgniter\Session\Handlers\FileHandler' driver.
DEBUG - 2026-07-29 08:38:49 --> Session: Class initialized using 'CodeIgniter\Session\Handlers\FileHandler' driver.
DEBUG - 2026-07-29 08:38:53 --> Session: Class initialized using 'CodeIgniter\Session\Handlers\FileHandler' driver.
DEBUG - 2026-07-29 08:38:57 --> Session: Class initialized using 'CodeIgniter\Session\Handlers\FileHandler' driver.
DEBUG - 2026-07-29 08:39:00 --> Session: Class initialized using 'CodeIgniter\Session\Handlers\FileHandler' driver.
DEBUG - 2026-07-29 08:39:00 --> Session: Class initialized using 'CodeIgniter\Session\Handlers\FileHandler' driver.
DEBUG - 2026-07-29 08:39:03 --> Session: Class initialized using 'CodeIgniter\Session\Handlers\FileHandler' driver.
DEBUG - 2026-07-29 08:41:05 --> Session: Class initialized using 'CodeIgniter\Session\Handlers\FileHandler' driver.
DEBUG - 2026-07-29 08:41:09 --> Session: Class initialized using 'CodeIgniter\Session\Handlers\FileHandler' driver.
DEBUG - 2026-07-29 08:41:10 --> Session: Class initialized using 'CodeIgniter\Session\Handlers\FileHandler' driver.
DEBUG - 2026-07-29 08:41:13 --> Session: Class initialized using 'CodeIgniter\Session\Handlers\FileHandler' driver.
DEBUG - 2026-07-29 08:41:22 --> Session: Class initialized using 'CodeIgniter\Session\Handlers\FileHandler' driver.
DEBUG - 2026-07-29 08:41:25 --> Session: Class initialized using 'CodeIgniter\Session\Handlers\FileHandler' driver.
DEBUG - 2026-07-29 08:41:26 --> Session: Class initialized using 'CodeIgniter\Session\Handlers\FileHandler' driver.
DEBUG - 2026-07-29 08:42:09 --> Session: Class initialized using 'CodeIgniter\Session\Handlers\FileHandler' driver.
DEBUG - 2026-07-29 08:42:11 --> Session: Class initialized using 'CodeIgniter\Session\Handlers\FileHandler' driver.
DEBUG - 2026-07-29 08:42:11 --> Session: Class initialized using 'CodeIgniter\Session\Handlers\FileHandler' driver.
DEBUG - 2026-07-29 08:42:13 --> Session: Class initialized using 'CodeIgniter\Session\Handlers\FileHandler' driver.
DEBUG - 2026-07-29 08:42:13 --> Session: Class initialized using 'CodeIgniter\Session\Handlers\FileHandler' driver.
DEBUG - 2026-07-29 08:42:25 --> Session: Class initialized using 'CodeIgniter\Session\Handlers\FileHandler' driver.
DEBUG - 2026-07-29 08:42:27 --> Session: Class initialized using 'CodeIgniter\Session\Handlers\FileHandler' driver.
DEBUG - 2026-07-29 08:42:28 --> Session: Class initialized using 'CodeIgniter\Session\Handlers\FileHandler' driver.
DEBUG - 2026-07-29 08:42:29 --> Session: Class initialized using 'CodeIgniter\Session\Handlers\FileHandler' driver.
DEBUG - 2026-07-29 08:42:29 --> Session: Class initialized using 'CodeIgniter\Session\Handlers\FileHandler' driver.
DEBUG - 2026-07-29 08:42:46 --> Session: Class initialized using 'CodeIgniter\Session\Handlers\FileHandler' driver.
DEBUG - 2026-07-29 08:42:49 --> Session: Class initialized using 'CodeIgniter\Session\Handlers\FileHandler' driver.
DEBUG - 2026-07-29 08:42:49 --> Session: Class initialized using 'CodeIgniter\Session\Handlers\FileHandler' driver.
DEBUG - 2026-07-29 08:42:50 --> Session: Class initialized using 'CodeIgniter\Session\Handlers\FileHandler' driver.
DEBUG - 2026-07-29 08:42:50 --> Session: Class initialized using 'CodeIgniter\Session\Handlers\FileHandler' driver.
DEBUG - 2026-07-29 08:42:54 --> Session: Class initialized using 'CodeIgniter\Session\Handlers\FileHandler' driver.
WARNING - 2026-07-29 08:42:55 --> [DEPRECATED] Creation of dynamic property App\Controllers\Apps\AppsController::$apps is deprecated in APPPATH/Controllers/Apps/AppsController.php on line 14.
 1 SYSTEMPATH/CodeIgniter.php(903): App\Controllers\Apps\AppsController->__construct()
 2 SYSTEMPATH/CodeIgniter.php(498): CodeIgniter\CodeIgniter->createController()
 3 SYSTEMPATH/CodeIgniter.php(354): CodeIgniter\CodeIgniter->handleRequest(null, Object(Config\Cache), false)
 4 SYSTEMPATH/Boot.php(334): CodeIgniter\CodeIgniter->run()
 5 SYSTEMPATH/Boot.php(67): CodeIgniter\Boot::runCodeIgniter(Object(CodeIgniter\CodeIgniter))
 6 FCPATH/index.php(56): CodeIgniter\Boot::bootWeb(Object(Config\Paths))
DEBUG - 2026-07-29 08:42:57 --> Session: Class initialized using 'CodeIgniter\Session\Handlers\FileHandler' driver.
WARNING - 2026-07-29 08:42:57 --> [DEPRECATED] Creation of dynamic property App\Controllers\Apps\FetchData::$apps is deprecated in APPPATH/Controllers/Apps/FetchData.php on line 21.
 1 SYSTEMPATH/CodeIgniter.php(903): App\Controllers\Apps\FetchData->__construct()
 2 SYSTEMPATH/CodeIgniter.php(498): CodeIgniter\CodeIgniter->createController()
 3 SYSTEMPATH/CodeIgniter.php(354): CodeIgniter\CodeIgniter->handleRequest(null, Object(Config\Cache), false)
 4 SYSTEMPATH/Boot.php(334): CodeIgniter\CodeIgniter->run()
 5 SYSTEMPATH/Boot.php(67): CodeIgniter\Boot::runCodeIgniter(Object(CodeIgniter\CodeIgniter))
 6 FCPATH/index.php(56): CodeIgniter\Boot::bootWeb(Object(Config\Paths))
DEBUG - 2026-07-29 08:44:42 --> Session: Class initialized using 'CodeIgniter\Session\Handlers\FileHandler' driver.
WARNING - 2026-07-29 08:44:43 --> [DEPRECATED] Creation of dynamic property App\Controllers\Apps\AppsController::$apps is deprecated in APPPATH/Controllers/Apps/AppsController.php on line 14.
 1 SYSTEMPATH/CodeIgniter.php(903): App\Controllers\Apps\AppsController->__construct()
 2 SYSTEMPATH/CodeIgniter.php(498): CodeIgniter\CodeIgniter->createController()
 3 SYSTEMPATH/CodeIgniter.php(354): CodeIgniter\CodeIgniter->handleRequest(null, Object(Config\Cache), false)
 4 SYSTEMPATH/Boot.php(334): CodeIgniter\CodeIgniter->run()
 5 SYSTEMPATH/Boot.php(67): CodeIgniter\Boot::runCodeIgniter(Object(CodeIgniter\CodeIgniter))
 6 FCPATH/index.php(56): CodeIgniter\Boot::bootWeb(Object(Config\Paths))
DEBUG - 2026-07-29 08:44:47 --> Session: Class initialized using 'CodeIgniter\Session\Handlers\FileHandler' driver.
WARNING - 2026-07-29 08:44:48 --> [DEPRECATED] Creation of dynamic property App\Controllers\Apps\FetchData::$apps is deprecated in APPPATH/Controllers/Apps/FetchData.php on line 21.
 1 SYSTEMPATH/CodeIgniter.php(903): App\Controllers\Apps\FetchData->__construct()
 2 SYSTEMPATH/CodeIgniter.php(498): CodeIgniter\CodeIgniter->createController()
 3 SYSTEMPATH/CodeIgniter.php(354): CodeIgniter\CodeIgniter->handleRequest(null, Object(Config\Cache), false)
 4 SYSTEMPATH/Boot.php(334): CodeIgniter\CodeIgniter->run()
 5 SYSTEMPATH/Boot.php(67): CodeIgniter\Boot::runCodeIgniter(Object(CodeIgniter\CodeIgniter))
 6 FCPATH/index.php(56): CodeIgniter\Boot::bootWeb(Object(Config\Paths))
DEBUG - 2026-07-29 08:50:15 --> Session: Class initialized using 'CodeIgniter\Session\Handlers\FileHandler' driver.
WARNING - 2026-07-29 08:50:16 --> [DEPRECATED] Creation of dynamic property App\Controllers\Apps\AppsController::$apps is deprecated in APPPATH/Controllers/Apps/AppsController.php on line 14.
 1 SYSTEMPATH/CodeIgniter.php(903): App\Controllers\Apps\AppsController->__construct()
 2 SYSTEMPATH/CodeIgniter.php(498): CodeIgniter\CodeIgniter->createController()
 3 SYSTEMPATH/CodeIgniter.php(354): CodeIgniter\CodeIgniter->handleRequest(null, Object(Config\Cache), false)
 4 SYSTEMPATH/Boot.php(334): CodeIgniter\CodeIgniter->run()
 5 SYSTEMPATH/Boot.php(67): CodeIgniter\Boot::runCodeIgniter(Object(CodeIgniter\CodeIgniter))
 6 FCPATH/index.php(56): CodeIgniter\Boot::bootWeb(Object(Config\Paths))
DEBUG - 2026-07-29 08:50:20 --> Session: Class initialized using 'CodeIgniter\Session\Handlers\FileHandler' driver.
WARNING - 2026-07-29 08:50:20 --> [DEPRECATED] Creation of dynamic property App\Controllers\Apps\FetchData::$apps is deprecated in APPPATH/Controllers/Apps/FetchData.php on line 21.
 1 SYSTEMPATH/CodeIgniter.php(903): App\Controllers\Apps\FetchData->__construct()
 2 SYSTEMPATH/CodeIgniter.php(498): CodeIgniter\CodeIgniter->createController()
 3 SYSTEMPATH/CodeIgniter.php(354): CodeIgniter\CodeIgniter->handleRequest(null, Object(Config\Cache), false)
 4 SYSTEMPATH/Boot.php(334): CodeIgniter\CodeIgniter->run()
 5 SYSTEMPATH/Boot.php(67): CodeIgniter\Boot::runCodeIgniter(Object(CodeIgniter\CodeIgniter))
 6 FCPATH/index.php(56): CodeIgniter\Boot::bootWeb(Object(Config\Paths))
DEBUG - 2026-07-29 08:53:33 --> Session: Class initialized using 'CodeIgniter\Session\Handlers\FileHandler' driver.
WARNING - 2026-07-29 08:53:33 --> [DEPRECATED] Creation of dynamic property App\Controllers\Apps\AppsController::$apps is deprecated in APPPATH/Controllers/Apps/AppsController.php on line 14.
 1 SYSTEMPATH/CodeIgniter.php(903): App\Controllers\Apps\AppsController->__construct()
 2 SYSTEMPATH/CodeIgniter.php(498): CodeIgniter\CodeIgniter->createController()
 3 SYSTEMPATH/CodeIgniter.php(354): CodeIgniter\CodeIgniter->handleRequest(null, Object(Config\Cache), false)
 4 SYSTEMPATH/Boot.php(334): CodeIgniter\CodeIgniter->run()
 5 SYSTEMPATH/Boot.php(67): CodeIgniter\Boot::runCodeIgniter(Object(CodeIgniter\CodeIgniter))
 6 FCPATH/index.php(56): CodeIgniter\Boot::bootWeb(Object(Config\Paths))
DEBUG - 2026-07-29 08:53:38 --> Session: Class initialized using 'CodeIgniter\Session\Handlers\FileHandler' driver.
WARNING - 2026-07-29 08:53:39 --> [DEPRECATED] Creation of dynamic property App\Controllers\Apps\FetchData::$apps is deprecated in APPPATH/Controllers/Apps/FetchData.php on line 21.
 1 SYSTEMPATH/CodeIgniter.php(903): App\Controllers\Apps\FetchData->__construct()
 2 SYSTEMPATH/CodeIgniter.php(498): CodeIgniter\CodeIgniter->createController()
 3 SYSTEMPATH/CodeIgniter.php(354): CodeIgniter\CodeIgniter->handleRequest(null, Object(Config\Cache), false)
 4 SYSTEMPATH/Boot.php(334): CodeIgniter\CodeIgniter->run()
 5 SYSTEMPATH/Boot.php(67): CodeIgniter\Boot::runCodeIgniter(Object(CodeIgniter\CodeIgniter))
 6 FCPATH/index.php(56): CodeIgniter\Boot::bootWeb(Object(Config\Paths))
DEBUG - 2026-07-29 08:53:44 --> Session: Class initialized using 'CodeIgniter\Session\Handlers\FileHandler' driver.
DEBUG - 2026-07-29 08:54:28 --> Session: Class initialized using 'CodeIgniter\Session\Handlers\FileHandler' driver.
DEBUG - 2026-07-29 08:54:30 --> Session: Class initialized using 'CodeIgniter\Session\Handlers\FileHandler' driver.
DEBUG - 2026-07-29 08:54:31 --> Session: Class initialized using 'CodeIgniter\Session\Handlers\FileHandler' driver.
DEBUG - 2026-07-29 08:54:34 --> Session: Class initialized using 'CodeIgniter\Session\Handlers\FileHandler' driver.
DEBUG - 2026-07-29 08:54:36 --> Session: Class initialized using 'CodeIgniter\Session\Handlers\FileHandler' driver.
DEBUG - 2026-07-29 08:54:37 --> Session: Class initialized using 'CodeIgniter\Session\Handlers\FileHandler' driver.
DEBUG - 2026-07-29 08:54:38 --> Session: Class initialized using 'CodeIgniter\Session\Handlers\FileHandler' driver.
DEBUG - 2026-07-29 08:54:38 --> Session: Class initialized using 'CodeIgniter\Session\Handlers\FileHandler' driver.
DEBUG - 2026-07-29 08:54:46 --> Session: Class initialized using 'CodeIgniter\Session\Handlers\FileHandler' driver.
DEBUG - 2026-07-29 08:54:49 --> Session: Class initialized using 'CodeIgniter\Session\Handlers\FileHandler' driver.
DEBUG - 2026-07-29 08:54:49 --> Session: Class initialized using 'CodeIgniter\Session\Handlers\FileHandler' driver.
DEBUG - 2026-07-29 08:54:52 --> Session: Class initialized using 'CodeIgniter\Session\Handlers\FileHandler' driver.
DEBUG - 2026-07-29 08:55:06 --> Session: Class initialized using 'CodeIgniter\Session\Handlers\FileHandler' driver.
DEBUG - 2026-07-29 08:55:09 --> Session: Class initialized using 'CodeIgniter\Session\Handlers\FileHandler' driver.
DEBUG - 2026-07-29 08:55:25 --> Session: Class initialized using 'CodeIgniter\Session\Handlers\FileHandler' driver.
DEBUG - 2026-07-29 08:55:27 --> Session: Class initialized using 'CodeIgniter\Session\Handlers\FileHandler' driver.
DEBUG - 2026-07-29 08:55:28 --> Session: Class initialized using 'CodeIgniter\Session\Handlers\FileHandler' driver.
DEBUG - 2026-07-29 08:55:59 --> Session: Class initialized using 'CodeIgniter\Session\Handlers\FileHandler' driver.
DEBUG - 2026-07-29 08:56:04 --> Session: Class initialized using 'CodeIgniter\Session\Handlers\FileHandler' driver.
DEBUG - 2026-07-29 08:57:16 --> Session: Class initialized using 'CodeIgniter\Session\Handlers\FileHandler' driver.
DEBUG - 2026-07-29 08:57:19 --> Session: Class initialized using 'CodeIgniter\Session\Handlers\FileHandler' driver.
DEBUG - 2026-07-29 08:57:20 --> Session: Class initialized using 'CodeIgniter\Session\Handlers\FileHandler' driver.
DEBUG - 2026-07-29 08:57:21 --> Session: Class initialized using 'CodeIgniter\Session\Handlers\FileHandler' driver.
DEBUG - 2026-07-29 08:57:21 --> Session: Class initialized using 'CodeIgniter\Session\Handlers\FileHandler' driver.
DEBUG - 2026-07-29 08:57:44 --> Session: Class initialized using 'CodeIgniter\Session\Handlers\FileHandler' driver.
DEBUG - 2026-07-29 08:57:47 --> Session: Class initialized using 'CodeIgniter\Session\Handlers\FileHandler' driver.
DEBUG - 2026-07-29 09:01:08 --> Session: Class initialized using 'CodeIgniter\Session\Handlers\FileHandler' driver.
DEBUG - 2026-07-29 09:01:09 --> Session: Class initialized using 'CodeIgniter\Session\Handlers\FileHandler' driver.
DEBUG - 2026-07-29 09:01:11 --> Session: Class initialized using 'CodeIgniter\Session\Handlers\FileHandler' driver.
DEBUG - 2026-07-29 09:01:11 --> Session: Class initialized using 'CodeIgniter\Session\Handlers\FileHandler' driver.
DEBUG - 2026-07-29 09:18:56 --> Session: Class initialized using 'CodeIgniter\Session\Handlers\FileHandler' driver.
DEBUG - 2026-07-29 09:19:01 --> Session: Class initialized using 'CodeIgniter\Session\Handlers\FileHandler' driver.
DEBUG - 2026-07-29 09:19:03 --> Session: Class initialized using 'CodeIgniter\Session\Handlers\FileHandler' driver.
DEBUG - 2026-07-29 09:19:50 --> Session: Class initialized using 'CodeIgniter\Session\Handlers\FileHandler' driver.
DEBUG - 2026-07-29 09:19:53 --> Session: Class initialized using 'CodeIgniter\Session\Handlers\FileHandler' driver.
DEBUG - 2026-07-29 09:19:54 --> Session: Class initialized using 'CodeIgniter\Session\Handlers\FileHandler' driver.
DEBUG - 2026-07-29 09:27:48 --> Session: Class initialized using 'CodeIgniter\Session\Handlers\FileHandler' driver.
DEBUG - 2026-07-29 09:27:53 --> Session: Class initialized using 'CodeIgniter\Session\Handlers\FileHandler' driver.
DEBUG - 2026-07-29 09:29:19 --> Session: Class initialized using 'CodeIgniter\Session\Handlers\FileHandler' driver.
DEBUG - 2026-07-29 09:29:24 --> Session: Class initialized using 'CodeIgniter\Session\Handlers\FileHandler' driver.
DEBUG - 2026-07-29 09:29:36 --> Session: Class initialized using 'CodeIgniter\Session\Handlers\FileHandler' driver.
DEBUG - 2026-07-29 09:29:51 --> Session: Class initialized using 'CodeIgniter\Session\Handlers\FileHandler' driver.
DEBUG - 2026-07-29 09:29:56 --> Session: Class initialized using 'CodeIgniter\Session\Handlers\FileHandler' driver.
WARNING - 2026-07-29 09:29:56 --> [DEPRECATED] Creation of dynamic property App\Controllers\Apps\AppsController::$apps is deprecated in APPPATH/Controllers/Apps/AppsController.php on line 14.
 1 SYSTEMPATH/CodeIgniter.php(903): App\Controllers\Apps\AppsController->__construct()
 2 SYSTEMPATH/CodeIgniter.php(498): CodeIgniter\CodeIgniter->createController()
 3 SYSTEMPATH/CodeIgniter.php(354): CodeIgniter\CodeIgniter->handleRequest(null, Object(Config\Cache), false)
 4 SYSTEMPATH/Boot.php(334): CodeIgniter\CodeIgniter->run()
 5 SYSTEMPATH/Boot.php(67): CodeIgniter\Boot::runCodeIgniter(Object(CodeIgniter\CodeIgniter))
 6 FCPATH/index.php(56): CodeIgniter\Boot::bootWeb(Object(Config\Paths))
DEBUG - 2026-07-29 09:30:00 --> Session: Class initialized using 'CodeIgniter\Session\Handlers\FileHandler' driver.
WARNING - 2026-07-29 09:30:01 --> [DEPRECATED] Creation of dynamic property App\Controllers\Apps\FetchData::$apps is deprecated in APPPATH/Controllers/Apps/FetchData.php on line 21.
 1 SYSTEMPATH/CodeIgniter.php(903): App\Controllers\Apps\FetchData->__construct()
 2 SYSTEMPATH/CodeIgniter.php(498): CodeIgniter\CodeIgniter->createController()
 3 SYSTEMPATH/CodeIgniter.php(354): CodeIgniter\CodeIgniter->handleRequest(null, Object(Config\Cache), false)
 4 SYSTEMPATH/Boot.php(334): CodeIgniter\CodeIgniter->run()
 5 SYSTEMPATH/Boot.php(67): CodeIgniter\Boot::runCodeIgniter(Object(CodeIgniter\CodeIgniter))
 6 FCPATH/index.php(56): CodeIgniter\Boot::bootWeb(Object(Config\Paths))
DEBUG - 2026-07-29 09:30:20 --> Session: Class initialized using 'CodeIgniter\Session\Handlers\FileHandler' driver.
WARNING - 2026-07-29 09:30:21 --> [DEPRECATED] Creation of dynamic property App\Controllers\Apps\AppsController::$apps is deprecated in APPPATH/Controllers/Apps/AppsController.php on line 14.
 1 SYSTEMPATH/CodeIgniter.php(903): App\Controllers\Apps\AppsController->__construct()
 2 SYSTEMPATH/CodeIgniter.php(498): CodeIgniter\CodeIgniter->createController()
 3 SYSTEMPATH/CodeIgniter.php(354): CodeIgniter\CodeIgniter->handleRequest(null, Object(Config\Cache), false)
 4 SYSTEMPATH/Boot.php(334): CodeIgniter\CodeIgniter->run()
 5 SYSTEMPATH/Boot.php(67): CodeIgniter\Boot::runCodeIgniter(Object(CodeIgniter\CodeIgniter))
 6 FCPATH/index.php(56): CodeIgniter\Boot::bootWeb(Object(Config\Paths))
DEBUG - 2026-07-29 09:30:24 --> Session: Class initialized using 'CodeIgniter\Session\Handlers\FileHandler' driver.
WARNING - 2026-07-29 09:30:25 --> [DEPRECATED] Creation of dynamic property App\Controllers\Apps\FetchData::$apps is deprecated in APPPATH/Controllers/Apps/FetchData.php on line 21.
 1 SYSTEMPATH/CodeIgniter.php(903): App\Controllers\Apps\FetchData->__construct()
 2 SYSTEMPATH/CodeIgniter.php(498): CodeIgniter\CodeIgniter->createController()
 3 SYSTEMPATH/CodeIgniter.php(354): CodeIgniter\CodeIgniter->handleRequest(null, Object(Config\Cache), false)
 4 SYSTEMPATH/Boot.php(334): CodeIgniter\CodeIgniter->run()
 5 SYSTEMPATH/Boot.php(67): CodeIgniter\Boot::runCodeIgniter(Object(CodeIgniter\CodeIgniter))
 6 FCPATH/index.php(56): CodeIgniter\Boot::bootWeb(Object(Config\Paths))
DEBUG - 2026-07-29 09:30:28 --> Session: Class initialized using 'CodeIgniter\Session\Handlers\FileHandler' driver.
DEBUG - 2026-07-29 09:31:56 --> Session: Class initialized using 'CodeIgniter\Session\Handlers\FileHandler' driver.
DEBUG - 2026-07-29 09:32:02 --> Session: Class initialized using 'CodeIgniter\Session\Handlers\FileHandler' driver.
DEBUG - 2026-07-29 09:32:20 --> Session: Class initialized using 'CodeIgniter\Session\Handlers\FileHandler' driver.
DEBUG - 2026-07-29 09:32:25 --> Session: Class initialized using 'CodeIgniter\Session\Handlers\FileHandler' driver.
DEBUG - 2026-07-29 09:32:26 --> Session: Class initialized using 'CodeIgniter\Session\Handlers\FileHandler' driver.
DEBUG - 2026-07-29 09:32:34 --> Session: Class initialized using 'CodeIgniter\Session\Handlers\FileHandler' driver.
DEBUG - 2026-07-29 09:33:20 --> Session: Class initialized using 'CodeIgniter\Session\Handlers\FileHandler' driver.
DEBUG - 2026-07-29 09:33:23 --> Session: Class initialized using 'CodeIgniter\Session\Handlers\FileHandler' driver.
DEBUG - 2026-07-29 09:34:15 --> Session: Class initialized using 'CodeIgniter\Session\Handlers\FileHandler' driver.
DEBUG - 2026-07-29 09:34:18 --> Session: Class initialized using 'CodeIgniter\Session\Handlers\FileHandler' driver.
DEBUG - 2026-07-29 09:34:19 --> Session: Class initialized using 'CodeIgniter\Session\Handlers\FileHandler' driver.
DEBUG - 2026-07-29 09:34:45 --> Session: Class initialized using 'CodeIgniter\Session\Handlers\FileHandler' driver.
DEBUG - 2026-07-29 09:34:48 --> Session: Class initialized using 'CodeIgniter\Session\Handlers\FileHandler' driver.
DEBUG - 2026-07-29 09:34:49 --> Session: Class initialized using 'CodeIgniter\Session\Handlers\FileHandler' driver.
DEBUG - 2026-07-29 09:34:51 --> Session: Class initialized using 'CodeIgniter\Session\Handlers\FileHandler' driver.
DEBUG - 2026-07-29 09:34:51 --> Session: Class initialized using 'CodeIgniter\Session\Handlers\FileHandler' driver.
DEBUG - 2026-07-29 09:34:55 --> Session: Class initialized using 'CodeIgniter\Session\Handlers\FileHandler' driver.
DEBUG - 2026-07-29 09:34:59 --> Session: Class initialized using 'CodeIgniter\Session\Handlers\FileHandler' driver.
DEBUG - 2026-07-29 09:35:04 --> Session: Class initialized using 'CodeIgniter\Session\Handlers\FileHandler' driver.
DEBUG - 2026-07-29 09:35:08 --> Session: Class initialized using 'CodeIgniter\Session\Handlers\FileHandler' driver.
DEBUG - 2026-07-29 09:37:27 --> Session: Class initialized using 'CodeIgniter\Session\Handlers\FileHandler' driver.
DEBUG - 2026-07-29 09:37:30 --> Session: Class initialized using 'CodeIgniter\Session\Handlers\FileHandler' driver.
DEBUG - 2026-07-29 09:37:31 --> Session: Class initialized using 'CodeIgniter\Session\Handlers\FileHandler' driver.
DEBUG - 2026-07-29 09:37:34 --> Session: Class initialized using 'CodeIgniter\Session\Handlers\FileHandler' driver.
DEBUG - 2026-07-29 09:37:34 --> Session: Class initialized using 'CodeIgniter\Session\Handlers\FileHandler' driver.
DEBUG - 2026-07-29 09:37:50 --> Session: Class initialized using 'CodeIgniter\Session\Handlers\FileHandler' driver.
WARNING - 2026-07-29 09:37:51 --> [DEPRECATED] Creation of dynamic property App\Controllers\Apps\AppsController::$apps is deprecated in APPPATH/Controllers/Apps/AppsController.php on line 14.
 1 SYSTEMPATH/CodeIgniter.php(903): App\Controllers\Apps\AppsController->__construct()
 2 SYSTEMPATH/CodeIgniter.php(498): CodeIgniter\CodeIgniter->createController()
 3 SYSTEMPATH/CodeIgniter.php(354): CodeIgniter\CodeIgniter->handleRequest(null, Object(Config\Cache), false)
 4 SYSTEMPATH/Boot.php(334): CodeIgniter\CodeIgniter->run()
 5 SYSTEMPATH/Boot.php(67): CodeIgniter\Boot::runCodeIgniter(Object(CodeIgniter\CodeIgniter))
 6 FCPATH/index.php(56): CodeIgniter\Boot::bootWeb(Object(Config\Paths))
DEBUG - 2026-07-29 09:37:55 --> Session: Class initialized using 'CodeIgniter\Session\Handlers\FileHandler' driver.
WARNING - 2026-07-29 09:37:55 --> [DEPRECATED] Creation of dynamic property App\Controllers\Apps\FetchData::$apps is deprecated in APPPATH/Controllers/Apps/FetchData.php on line 21.
 1 SYSTEMPATH/CodeIgniter.php(903): App\Controllers\Apps\FetchData->__construct()
 2 SYSTEMPATH/CodeIgniter.php(498): CodeIgniter\CodeIgniter->createController()
 3 SYSTEMPATH/CodeIgniter.php(354): CodeIgniter\CodeIgniter->handleRequest(null, Object(Config\Cache), false)
 4 SYSTEMPATH/Boot.php(334): CodeIgniter\CodeIgniter->run()
 5 SYSTEMPATH/Boot.php(67): CodeIgniter\Boot::runCodeIgniter(Object(CodeIgniter\CodeIgniter))
 6 FCPATH/index.php(56): CodeIgniter\Boot::bootWeb(Object(Config\Paths))
DEBUG - 2026-07-29 09:37:59 --> Session: Class initialized using 'CodeIgniter\Session\Handlers\FileHandler' driver.
WARNING - 2026-07-29 09:38:00 --> [DEPRECATED] Creation of dynamic property App\Controllers\Apps\AppsController::$apps is deprecated in APPPATH/Controllers/Apps/AppsController.php on line 14.
 1 SYSTEMPATH/CodeIgniter.php(903): App\Controllers\Apps\AppsController->__construct()
 2 SYSTEMPATH/CodeIgniter.php(498): CodeIgniter\CodeIgniter->createController()
 3 SYSTEMPATH/CodeIgniter.php(354): CodeIgniter\CodeIgniter->handleRequest(null, Object(Config\Cache), false)
 4 SYSTEMPATH/Boot.php(334): CodeIgniter\CodeIgniter->run()
 5 SYSTEMPATH/Boot.php(67): CodeIgniter\Boot::runCodeIgniter(Object(CodeIgniter\CodeIgniter))
 6 FCPATH/index.php(56): CodeIgniter\Boot::bootWeb(Object(Config\Paths))
DEBUG - 2026-07-29 09:38:03 --> Session: Class initialized using 'CodeIgniter\Session\Handlers\FileHandler' driver.
WARNING - 2026-07-29 09:38:03 --> [DEPRECATED] Creation of dynamic property App\Controllers\Apps\FetchData::$apps is deprecated in APPPATH/Controllers/Apps/FetchData.php on line 21.
 1 SYSTEMPATH/CodeIgniter.php(903): App\Controllers\Apps\FetchData->__construct()
 2 SYSTEMPATH/CodeIgniter.php(498): CodeIgniter\CodeIgniter->createController()
 3 SYSTEMPATH/CodeIgniter.php(354): CodeIgniter\CodeIgniter->handleRequest(null, Object(Config\Cache), false)
 4 SYSTEMPATH/Boot.php(334): CodeIgniter\CodeIgniter->run()
 5 SYSTEMPATH/Boot.php(67): CodeIgniter\Boot::runCodeIgniter(Object(CodeIgniter\CodeIgniter))
 6 FCPATH/index.php(56): CodeIgniter\Boot::bootWeb(Object(Config\Paths))
DEBUG - 2026-07-29 09:38:21 --> Session: Class initialized using 'CodeIgniter\Session\Handlers\FileHandler' driver.
DEBUG - 2026-07-29 09:38:41 --> Session: Class initialized using 'CodeIgniter\Session\Handlers\FileHandler' driver.
DEBUG - 2026-07-29 09:38:44 --> Session: Class initialized using 'CodeIgniter\Session\Handlers\FileHandler' driver.
DEBUG - 2026-07-29 09:38:44 --> Session: Class initialized using 'CodeIgniter\Session\Handlers\FileHandler' driver.
DEBUG - 2026-07-29 09:39:12 --> Session: Class initialized using 'CodeIgniter\Session\Handlers\FileHandler' driver.
DEBUG - 2026-07-29 09:39:17 --> Session: Class initialized using 'CodeIgniter\Session\Handlers\FileHandler' driver.
DEBUG - 2026-07-29 09:40:03 --> Session: Class initialized using 'CodeIgniter\Session\Handlers\FileHandler' driver.
DEBUG - 2026-07-29 09:40:09 --> Session: Class initialized using 'CodeIgniter\Session\Handlers\FileHandler' driver.
DEBUG - 2026-07-29 09:40:10 --> Session: Class initialized using 'CodeIgniter\Session\Handlers\FileHandler' driver.
DEBUG - 2026-07-29 09:40:12 --> Session: Class initialized using 'CodeIgniter\Session\Handlers\FileHandler' driver.
DEBUG - 2026-07-29 09:40:12 --> Session: Class initialized using 'CodeIgniter\Session\Handlers\FileHandler' driver.
DEBUG - 2026-07-29 09:40:19 --> Session: Class initialized using 'CodeIgniter\Session\Handlers\FileHandler' driver.
DEBUG - 2026-07-29 09:40:21 --> Session: Class initialized using 'CodeIgniter\Session\Handlers\FileHandler' driver.
DEBUG - 2026-07-29 09:40:22 --> Session: Class initialized using 'CodeIgniter\Session\Handlers\FileHandler' driver.
DEBUG - 2026-07-29 09:40:37 --> Session: Class initialized using 'CodeIgniter\Session\Handlers\FileHandler' driver.
DEBUG - 2026-07-29 09:41:17 --> Session: Class initialized using 'CodeIgniter\Session\Handlers\FileHandler' driver.
DEBUG - 2026-07-29 09:41:20 --> Session: Class initialized using 'CodeIgniter\Session\Handlers\FileHandler' driver.
DEBUG - 2026-07-29 09:43:02 --> Session: Class initialized using 'CodeIgniter\Session\Handlers\FileHandler' driver.
DEBUG - 2026-07-29 09:43:08 --> Session: Class initialized using 'CodeIgniter\Session\Handlers\FileHandler' driver.
DEBUG - 2026-07-29 09:43:15 --> Session: Class initialized using 'CodeIgniter\Session\Handlers\FileHandler' driver.
DEBUG - 2026-07-29 09:43:21 --> Session: Class initialized using 'CodeIgniter\Session\Handlers\FileHandler' driver.
DEBUG - 2026-07-29 09:43:25 --> Session: Class initialized using 'CodeIgniter\Session\Handlers\FileHandler' driver.
DEBUG - 2026-07-29 09:43:39 --> Session: Class initialized using 'CodeIgniter\Session\Handlers\FileHandler' driver.
DEBUG - 2026-07-29 09:43:43 --> Session: Class initialized using 'CodeIgniter\Session\Handlers\FileHandler' driver.
DEBUG - 2026-07-29 09:43:57 --> Session: Class initialized using 'CodeIgniter\Session\Handlers\FileHandler' driver.
DEBUG - 2026-07-29 09:44:00 --> Session: Class initialized using 'CodeIgniter\Session\Handlers\FileHandler' driver.
DEBUG - 2026-07-29 09:45:13 --> Session: Class initialized using 'CodeIgniter\Session\Handlers\FileHandler' driver.
DEBUG - 2026-07-29 09:45:18 --> Session: Class initialized using 'CodeIgniter\Session\Handlers\FileHandler' driver.
DEBUG - 2026-07-29 09:45:59 --> Session: Class initialized using 'CodeIgniter\Session\Handlers\FileHandler' driver.
DEBUG - 2026-07-29 09:46:03 --> Session: Class initialized using 'CodeIgniter\Session\Handlers\FileHandler' driver.
DEBUG - 2026-07-29 09:47:58 --> Session: Class initialized using 'CodeIgniter\Session\Handlers\FileHandler' driver.
DEBUG - 2026-07-29 09:48:05 --> Session: Class initialized using 'CodeIgniter\Session\Handlers\FileHandler' driver.
DEBUG - 2026-07-29 09:48:35 --> Session: Class initialized using 'CodeIgniter\Session\Handlers\FileHandler' driver.
DEBUG - 2026-07-29 09:48:40 --> Session: Class initialized using 'CodeIgniter\Session\Handlers\FileHandler' driver.
DEBUG - 2026-07-29 09:49:13 --> Session: Class initialized using 'CodeIgniter\Session\Handlers\FileHandler' driver.
DEBUG - 2026-07-29 09:49:17 --> Session: Class initialized using 'CodeIgniter\Session\Handlers\FileHandler' driver.
DEBUG - 2026-07-29 09:50:46 --> Session: Class initialized using 'CodeIgniter\Session\Handlers\FileHandler' driver.
DEBUG - 2026-07-29 09:50:51 --> Session: Class initialized using 'CodeIgniter\Session\Handlers\FileHandler' driver.
DEBUG - 2026-07-29 09:51:06 --> Session: Class initialized using 'CodeIgniter\Session\Handlers\FileHandler' driver.
DEBUG - 2026-07-29 09:51:09 --> Session: Class initialized using 'CodeIgniter\Session\Handlers\FileHandler' driver.
DEBUG - 2026-07-29 09:51:19 --> Session: Class initialized using 'CodeIgniter\Session\Handlers\FileHandler' driver.
DEBUG - 2026-07-29 09:51:22 --> Session: Class initialized using 'CodeIgniter\Session\Handlers\FileHandler' driver.
DEBUG - 2026-07-29 09:51:40 --> Session: Class initialized using 'CodeIgniter\Session\Handlers\FileHandler' driver.
DEBUG - 2026-07-29 09:51:44 --> Session: Class initialized using 'CodeIgniter\Session\Handlers\FileHandler' driver.
DEBUG - 2026-07-29 09:51:59 --> Session: Class initialized using 'CodeIgniter\Session\Handlers\FileHandler' driver.
DEBUG - 2026-07-29 09:52:03 --> Session: Class initialized using 'CodeIgniter\Session\Handlers\FileHandler' driver.
DEBUG - 2026-07-29 09:52:26 --> Session: Class initialized using 'CodeIgniter\Session\Handlers\FileHandler' driver.
DEBUG - 2026-07-29 09:52:29 --> Session: Class initialized using 'CodeIgniter\Session\Handlers\FileHandler' driver.
DEBUG - 2026-07-29 09:52:51 --> Session: Class initialized using 'CodeIgniter\Session\Handlers\FileHandler' driver.
DEBUG - 2026-07-29 09:52:51 --> Session: Class initialized using 'CodeIgniter\Session\Handlers\FileHandler' driver.
DEBUG - 2026-07-29 09:52:53 --> Session: Class initialized using 'CodeIgniter\Session\Handlers\FileHandler' driver.
DEBUG - 2026-07-29 09:52:53 --> Session: Class initialized using 'CodeIgniter\Session\Handlers\FileHandler' driver.
DEBUG - 2026-07-29 09:53:04 --> Session: Class initialized using 'CodeIgniter\Session\Handlers\FileHandler' driver.
DEBUG - 2026-07-29 09:53:13 --> Session: Class initialized using 'CodeIgniter\Session\Handlers\FileHandler' driver.
DEBUG - 2026-07-29 09:53:17 --> Session: Class initialized using 'CodeIgniter\Session\Handlers\FileHandler' driver.
DEBUG - 2026-07-29 09:53:17 --> Session: Class initialized using 'CodeIgniter\Session\Handlers\FileHandler' driver.
DEBUG - 2026-07-29 09:53:26 --> Session: Class initialized using 'CodeIgniter\Session\Handlers\FileHandler' driver.
DEBUG - 2026-07-29 09:53:37 --> Session: Class initialized using 'CodeIgniter\Session\Handlers\FileHandler' driver.
DEBUG - 2026-07-29 09:53:39 --> Session: Class initialized using 'CodeIgniter\Session\Handlers\FileHandler' driver.
DEBUG - 2026-07-29 09:53:40 --> Session: Class initialized using 'CodeIgniter\Session\Handlers\FileHandler' driver.
DEBUG - 2026-07-29 09:54:18 --> Session: Class initialized using 'CodeIgniter\Session\Handlers\FileHandler' driver.
DEBUG - 2026-07-29 09:54:22 --> Session: Class initialized using 'CodeIgniter\Session\Handlers\FileHandler' driver.
DEBUG - 2026-07-29 09:54:33 --> Session: Class initialized using 'CodeIgniter\Session\Handlers\FileHandler' driver.
DEBUG - 2026-07-29 09:54:37 --> Session: Class initialized using 'CodeIgniter\Session\Handlers\FileHandler' driver.
DEBUG - 2026-07-29 09:55:54 --> Session: Class initialized using 'CodeIgniter\Session\Handlers\FileHandler' driver.
DEBUG - 2026-07-29 09:55:58 --> Session: Class initialized using 'CodeIgniter\Session\Handlers\FileHandler' driver.
DEBUG - 2026-07-29 09:55:58 --> Session: Class initialized using 'CodeIgniter\Session\Handlers\FileHandler' driver.
DEBUG - 2026-07-29 09:56:04 --> Session: Class initialized using 'CodeIgniter\Session\Handlers\FileHandler' driver.
DEBUG - 2026-07-29 09:57:27 --> Session: Class initialized using 'CodeIgniter\Session\Handlers\FileHandler' driver.
DEBUG - 2026-07-29 09:57:31 --> Session: Class initialized using 'CodeIgniter\Session\Handlers\FileHandler' driver.
DEBUG - 2026-07-29 09:57:37 --> Session: Class initialized using 'CodeIgniter\Session\Handlers\FileHandler' driver.
DEBUG - 2026-07-29 09:57:40 --> Session: Class initialized using 'CodeIgniter\Session\Handlers\FileHandler' driver.
DEBUG - 2026-07-29 09:58:20 --> Session: Class initialized using 'CodeIgniter\Session\Handlers\FileHandler' driver.
DEBUG - 2026-07-29 09:58:26 --> Session: Class initialized using 'CodeIgniter\Session\Handlers\FileHandler' driver.
DEBUG - 2026-07-29 09:58:35 --> Session: Class initialized using 'CodeIgniter\Session\Handlers\FileHandler' driver.
DEBUG - 2026-07-29 09:58:39 --> Session: Class initialized using 'CodeIgniter\Session\Handlers\FileHandler' driver.
DEBUG - 2026-07-29 09:58:49 --> Session: Class initialized using 'CodeIgniter\Session\Handlers\FileHandler' driver.
DEBUG - 2026-07-29 09:58:52 --> Session: Class initialized using 'CodeIgniter\Session\Handlers\FileHandler' driver.
DEBUG - 2026-07-29 09:58:58 --> Session: Class initialized using 'CodeIgniter\Session\Handlers\FileHandler' driver.
DEBUG - 2026-07-29 09:59:02 --> Session: Class initialized using 'CodeIgniter\Session\Handlers\FileHandler' driver.
DEBUG - 2026-07-29 10:02:18 --> Session: Class initialized using 'CodeIgniter\Session\Handlers\FileHandler' driver.
DEBUG - 2026-07-29 10:02:25 --> Session: Class initialized using 'CodeIgniter\Session\Handlers\FileHandler' driver.
DEBUG - 2026-07-29 10:02:43 --> Session: Class initialized using 'CodeIgniter\Session\Handlers\FileHandler' driver.
DEBUG - 2026-07-29 10:02:47 --> Session: Class initialized using 'CodeIgniter\Session\Handlers\FileHandler' driver.
DEBUG - 2026-07-29 10:02:59 --> Session: Class initialized using 'CodeIgniter\Session\Handlers\FileHandler' driver.
DEBUG - 2026-07-29 10:03:03 --> Session: Class initialized using 'CodeIgniter\Session\Handlers\FileHandler' driver.
DEBUG - 2026-07-29 10:03:11 --> Session: Class initialized using 'CodeIgniter\Session\Handlers\FileHandler' driver.
DEBUG - 2026-07-29 10:03:14 --> Session: Class initialized using 'CodeIgniter\Session\Handlers\FileHandler' driver.
DEBUG - 2026-07-29 10:03:29 --> Session: Class initialized using 'CodeIgniter\Session\Handlers\FileHandler' driver.
DEBUG - 2026-07-29 10:03:32 --> Session: Class initialized using 'CodeIgniter\Session\Handlers\FileHandler' driver.
DEBUG - 2026-07-29 10:03:49 --> Session: Class initialized using 'CodeIgniter\Session\Handlers\FileHandler' driver.
DEBUG - 2026-07-29 10:03:53 --> Session: Class initialized using 'CodeIgniter\Session\Handlers\FileHandler' driver.
DEBUG - 2026-07-29 10:04:27 --> Session: Class initialized using 'CodeIgniter\Session\Handlers\FileHandler' driver.
DEBUG - 2026-07-29 10:04:32 --> Session: Class initialized using 'CodeIgniter\Session\Handlers\FileHandler' driver.
DEBUG - 2026-07-29 10:04:40 --> Session: Class initialized using 'CodeIgniter\Session\Handlers\FileHandler' driver.
DEBUG - 2026-07-29 10:04:44 --> Session: Class initialized using 'CodeIgniter\Session\Handlers\FileHandler' driver.
DEBUG - 2026-07-29 10:05:07 --> Session: Class initialized using 'CodeIgniter\Session\Handlers\FileHandler' driver.
DEBUG - 2026-07-29 10:05:11 --> Session: Class initialized using 'CodeIgniter\Session\Handlers\FileHandler' driver.
DEBUG - 2026-07-29 10:06:48 --> Session: Class initialized using 'CodeIgniter\Session\Handlers\FileHandler' driver.
DEBUG - 2026-07-29 10:06:54 --> Session: Class initialized using 'CodeIgniter\Session\Handlers\FileHandler' driver.
DEBUG - 2026-07-29 10:08:26 --> Session: Class initialized using 'CodeIgniter\Session\Handlers\FileHandler' driver.
DEBUG - 2026-07-29 10:08:31 --> Session: Class initialized using 'CodeIgniter\Session\Handlers\FileHandler' driver.
DEBUG - 2026-07-29 10:09:02 --> Session: Class initialized using 'CodeIgniter\Session\Handlers\FileHandler' driver.
DEBUG - 2026-07-29 10:09:05 --> Session: Class initialized using 'CodeIgniter\Session\Handlers\FileHandler' driver.
DEBUG - 2026-07-29 10:09:06 --> Session: Class initialized using 'CodeIgniter\Session\Handlers\FileHandler' driver.
DEBUG - 2026-07-29 10:09:07 --> Session: Class initialized using 'CodeIgniter\Session\Handlers\FileHandler' driver.
DEBUG - 2026-07-29 10:09:07 --> Session: Class initialized using 'CodeIgniter\Session\Handlers\FileHandler' driver.
DEBUG - 2026-07-29 10:23:40 --> Session: Class initialized using 'CodeIgniter\Session\Handlers\FileHandler' driver.
DEBUG - 2026-07-29 10:23:41 --> Session: Class initialized using 'CodeIgniter\Session\Handlers\FileHandler' driver.
DEBUG - 2026-07-29 10:23:46 --> Session: Class initialized using 'CodeIgniter\Session\Handlers\FileHandler' driver.
DEBUG - 2026-07-29 10:24:02 --> Session: Class initialized using 'CodeIgniter\Session\Handlers\FileHandler' driver.
DEBUG - 2026-07-29 10:24:07 --> Session: Class initialized using 'CodeIgniter\Session\Handlers\FileHandler' driver.
DEBUG - 2026-07-29 10:24:46 --> Session: Class initialized using 'CodeIgniter\Session\Handlers\FileHandler' driver.
DEBUG - 2026-07-29 10:25:14 --> Session: Class initialized using 'CodeIgniter\Session\Handlers\FileHandler' driver.
DEBUG - 2026-07-29 10:25:17 --> Session: Class initialized using 'CodeIgniter\Session\Handlers\FileHandler' driver.
DEBUG - 2026-07-29 10:26:18 --> Session: Class initialized using 'CodeIgniter\Session\Handlers\FileHandler' driver.
DEBUG - 2026-07-29 10:26:43 --> Session: Class initialized using 'CodeIgniter\Session\Handlers\FileHandler' driver.
DEBUG - 2026-07-29 10:26:53 --> Session: Class initialized using 'CodeIgniter\Session\Handlers\FileHandler' driver.
WARNING - 2026-07-29 10:26:55 --> [DEPRECATED] Creation of dynamic property App\Controllers\Apps\AppsController::$apps is deprecated in APPPATH/Controllers/Apps/AppsController.php on line 14.
 1 SYSTEMPATH/CodeIgniter.php(903): App\Controllers\Apps\AppsController->__construct()
 2 SYSTEMPATH/CodeIgniter.php(498): CodeIgniter\CodeIgniter->createController()
 3 SYSTEMPATH/CodeIgniter.php(354): CodeIgniter\CodeIgniter->handleRequest(null, Object(Config\Cache), false)
 4 SYSTEMPATH/Boot.php(334): CodeIgniter\CodeIgniter->run()
 5 SYSTEMPATH/Boot.php(67): CodeIgniter\Boot::runCodeIgniter(Object(CodeIgniter\CodeIgniter))
 6 FCPATH/index.php(56): CodeIgniter\Boot::bootWeb(Object(Config\Paths))
DEBUG - 2026-07-29 10:27:08 --> Session: Class initialized using 'CodeIgniter\Session\Handlers\FileHandler' driver.
WARNING - 2026-07-29 10:27:09 --> [DEPRECATED] Creation of dynamic property App\Controllers\Apps\FetchData::$apps is deprecated in APPPATH/Controllers/Apps/FetchData.php on line 21.
 1 SYSTEMPATH/CodeIgniter.php(903): App\Controllers\Apps\FetchData->__construct()
 2 SYSTEMPATH/CodeIgniter.php(498): CodeIgniter\CodeIgniter->createController()
 3 SYSTEMPATH/CodeIgniter.php(354): CodeIgniter\CodeIgniter->handleRequest(null, Object(Config\Cache), false)
 4 SYSTEMPATH/Boot.php(334): CodeIgniter\CodeIgniter->run()
 5 SYSTEMPATH/Boot.php(67): CodeIgniter\Boot::runCodeIgniter(Object(CodeIgniter\CodeIgniter))
 6 FCPATH/index.php(56): CodeIgniter\Boot::bootWeb(Object(Config\Paths))
DEBUG - 2026-07-29 10:29:22 --> Session: Class initialized using 'CodeIgniter\Session\Handlers\FileHandler' driver.
WARNING - 2026-07-29 10:29:24 --> [DEPRECATED] Creation of dynamic property App\Controllers\Apps\AppsController::$apps is deprecated in APPPATH/Controllers/Apps/AppsController.php on line 14.
 1 SYSTEMPATH/CodeIgniter.php(903): App\Controllers\Apps\AppsController->__construct()
 2 SYSTEMPATH/CodeIgniter.php(498): CodeIgniter\CodeIgniter->createController()
 3 SYSTEMPATH/CodeIgniter.php(354): CodeIgniter\CodeIgniter->handleRequest(null, Object(Config\Cache), false)
 4 SYSTEMPATH/Boot.php(334): CodeIgniter\CodeIgniter->run()
 5 SYSTEMPATH/Boot.php(67): CodeIgniter\Boot::runCodeIgniter(Object(CodeIgniter\CodeIgniter))
 6 FCPATH/index.php(56): CodeIgniter\Boot::bootWeb(Object(Config\Paths))
DEBUG - 2026-07-29 10:29:41 --> Session: Class initialized using 'CodeIgniter\Session\Handlers\FileHandler' driver.
WARNING - 2026-07-29 10:29:42 --> [DEPRECATED] Creation of dynamic property App\Controllers\Apps\FetchData::$apps is deprecated in APPPATH/Controllers/Apps/FetchData.php on line 21.
 1 SYSTEMPATH/CodeIgniter.php(903): App\Controllers\Apps\FetchData->__construct()
 2 SYSTEMPATH/CodeIgniter.php(498): CodeIgniter\CodeIgniter->createController()
 3 SYSTEMPATH/CodeIgniter.php(354): CodeIgniter\CodeIgniter->handleRequest(null, Object(Config\Cache), false)
 4 SYSTEMPATH/Boot.php(334): CodeIgniter\CodeIgniter->run()
 5 SYSTEMPATH/Boot.php(67): CodeIgniter\Boot::runCodeIgniter(Object(CodeIgniter\CodeIgniter))
 6 FCPATH/index.php(56): CodeIgniter\Boot::bootWeb(Object(Config\Paths))
DEBUG - 2026-07-29 10:30:12 --> Session: Class initialized using 'CodeIgniter\Session\Handlers\FileHandler' driver.
WARNING - 2026-07-29 10:30:13 --> [DEPRECATED] Creation of dynamic property App\Controllers\Apps\AppsController::$apps is deprecated in APPPATH/Controllers/Apps/AppsController.php on line 14.
 1 SYSTEMPATH/CodeIgniter.php(903): App\Controllers\Apps\AppsController->__construct()
 2 SYSTEMPATH/CodeIgniter.php(498): CodeIgniter\CodeIgniter->createController()
 3 SYSTEMPATH/CodeIgniter.php(354): CodeIgniter\CodeIgniter->handleRequest(null, Object(Config\Cache), false)
 4 SYSTEMPATH/Boot.php(334): CodeIgniter\CodeIgniter->run()
 5 SYSTEMPATH/Boot.php(67): CodeIgniter\Boot::runCodeIgniter(Object(CodeIgniter\CodeIgniter))
 6 FCPATH/index.php(56): CodeIgniter\Boot::bootWeb(Object(Config\Paths))
CRITICAL - 2026-07-29 10:30:19 --> CodeIgniter\HTTP\Exceptions\BadRequestException: The URI you submitted has disallowed characters: "@dataTablesBund"
[Method: GET, Route: apps/assets/extensions/@dataTablesBund/pdfmake.min.js.map]
in SYSTEMPATH/Router/Router.php on line 739.
 1 SYSTEMPATH/Router/Router.php(207): CodeIgniter\Router\Router->checkDisallowedChars('apps/assets/extensions/@dataTablesBund/pdfmake.min.js.map')
 2 SYSTEMPATH/CodeIgniter.php(832): CodeIgniter\Router\Router->handle('apps/assets/extensions/@dataTablesBund/pdfmake.min.js.map')
 3 SYSTEMPATH/CodeIgniter.php(455): CodeIgniter\CodeIgniter->tryToRouteIt(Object(CodeIgniter\Router\RouteCollection))
 4 SYSTEMPATH/CodeIgniter.php(354): CodeIgniter\CodeIgniter->handleRequest(null, Object(Config\Cache), false)
 5 SYSTEMPATH/Boot.php(334): CodeIgniter\CodeIgniter->run()
 6 SYSTEMPATH/Boot.php(67): CodeIgniter\Boot::runCodeIgniter(Object(CodeIgniter\CodeIgniter))
 7 FCPATH/index.php(56): CodeIgniter\Boot::bootWeb(Object(Config\Paths))
DEBUG - 2026-07-29 10:30:20 --> Session: Class initialized using 'CodeIgniter\Session\Handlers\FileHandler' driver.
WARNING - 2026-07-29 10:30:20 --> [DEPRECATED] Creation of dynamic property App\Controllers\Apps\FetchData::$apps is deprecated in APPPATH/Controllers/Apps/FetchData.php on line 21.
 1 SYSTEMPATH/CodeIgniter.php(903): App\Controllers\Apps\FetchData->__construct()
 2 SYSTEMPATH/CodeIgniter.php(498): CodeIgniter\CodeIgniter->createController()
 3 SYSTEMPATH/CodeIgniter.php(354): CodeIgniter\CodeIgniter->handleRequest(null, Object(Config\Cache), false)
 4 SYSTEMPATH/Boot.php(334): CodeIgniter\CodeIgniter->run()
 5 SYSTEMPATH/Boot.php(67): CodeIgniter\Boot::runCodeIgniter(Object(CodeIgniter\CodeIgniter))
 6 FCPATH/index.php(56): CodeIgniter\Boot::bootWeb(Object(Config\Paths))
DEBUG - 2026-07-29 10:30:33 --> Session: Class initialized using 'CodeIgniter\Session\Handlers\FileHandler' driver.
WARNING - 2026-07-29 10:30:34 --> [DEPRECATED] Creation of dynamic property App\Controllers\Apps\AppsController::$apps is deprecated in APPPATH/Controllers/Apps/AppsController.php on line 14.
 1 SYSTEMPATH/CodeIgniter.php(903): App\Controllers\Apps\AppsController->__construct()
 2 SYSTEMPATH/CodeIgniter.php(498): CodeIgniter\CodeIgniter->createController()
 3 SYSTEMPATH/CodeIgniter.php(354): CodeIgniter\CodeIgniter->handleRequest(null, Object(Config\Cache), false)
 4 SYSTEMPATH/Boot.php(334): CodeIgniter\CodeIgniter->run()
 5 SYSTEMPATH/Boot.php(67): CodeIgniter\Boot::runCodeIgniter(Object(CodeIgniter\CodeIgniter))
 6 FCPATH/index.php(56): CodeIgniter\Boot::bootWeb(Object(Config\Paths))
CRITICAL - 2026-07-29 10:30:39 --> CodeIgniter\HTTP\Exceptions\BadRequestException: The URI you submitted has disallowed characters: "@dataTablesBund"
[Method: GET, Route: apps/assets/extensions/@dataTablesBund/pdfmake.min.js.map]
in SYSTEMPATH/Router/Router.php on line 739.
 1 SYSTEMPATH/Router/Router.php(207): CodeIgniter\Router\Router->checkDisallowedChars('apps/assets/extensions/@dataTablesBund/pdfmake.min.js.map')
 2 SYSTEMPATH/CodeIgniter.php(832): CodeIgniter\Router\Router->handle('apps/assets/extensions/@dataTablesBund/pdfmake.min.js.map')
 3 SYSTEMPATH/CodeIgniter.php(455): CodeIgniter\CodeIgniter->tryToRouteIt(Object(CodeIgniter\Router\RouteCollection))
 4 SYSTEMPATH/CodeIgniter.php(354): CodeIgniter\CodeIgniter->handleRequest(null, Object(Config\Cache), false)
 5 SYSTEMPATH/Boot.php(334): CodeIgniter\CodeIgniter->run()
 6 SYSTEMPATH/Boot.php(67): CodeIgniter\Boot::runCodeIgniter(Object(CodeIgniter\CodeIgniter))
 7 FCPATH/index.php(56): CodeIgniter\Boot::bootWeb(Object(Config\Paths))
DEBUG - 2026-07-29 10:30:40 --> Session: Class initialized using 'CodeIgniter\Session\Handlers\FileHandler' driver.
WARNING - 2026-07-29 10:30:40 --> [DEPRECATED] Creation of dynamic property App\Controllers\Apps\FetchData::$apps is deprecated in APPPATH/Controllers/Apps/FetchData.php on line 21.
 1 SYSTEMPATH/CodeIgniter.php(903): App\Controllers\Apps\FetchData->__construct()
 2 SYSTEMPATH/CodeIgniter.php(498): CodeIgniter\CodeIgniter->createController()
 3 SYSTEMPATH/CodeIgniter.php(354): CodeIgniter\CodeIgniter->handleRequest(null, Object(Config\Cache), false)
 4 SYSTEMPATH/Boot.php(334): CodeIgniter\CodeIgniter->run()
 5 SYSTEMPATH/Boot.php(67): CodeIgniter\Boot::runCodeIgniter(Object(CodeIgniter\CodeIgniter))
 6 FCPATH/index.php(56): CodeIgniter\Boot::bootWeb(Object(Config\Paths))
DEBUG - 2026-07-29 10:30:50 --> Session: Class initialized using 'CodeIgniter\Session\Handlers\FileHandler' driver.
WARNING - 2026-07-29 10:30:52 --> [DEPRECATED] Creation of dynamic property App\Controllers\Apps\AppsController::$apps is deprecated in APPPATH/Controllers/Apps/AppsController.php on line 14.
 1 SYSTEMPATH/CodeIgniter.php(903): App\Controllers\Apps\AppsController->__construct()
 2 SYSTEMPATH/CodeIgniter.php(498): CodeIgniter\CodeIgniter->createController()
 3 SYSTEMPATH/CodeIgniter.php(354): CodeIgniter\CodeIgniter->handleRequest(null, Object(Config\Cache), false)
 4 SYSTEMPATH/Boot.php(334): CodeIgniter\CodeIgniter->run()
 5 SYSTEMPATH/Boot.php(67): CodeIgniter\Boot::runCodeIgniter(Object(CodeIgniter\CodeIgniter))
 6 FCPATH/index.php(56): CodeIgniter\Boot::bootWeb(Object(Config\Paths))
CRITICAL - 2026-07-29 10:30:56 --> CodeIgniter\HTTP\Exceptions\BadRequestException: The URI you submitted has disallowed characters: "@dataTablesBund"
[Method: GET, Route: apps/assets/extensions/@dataTablesBund/pdfmake.min.js.map]
in SYSTEMPATH/Router/Router.php on line 739.
 1 SYSTEMPATH/Router/Router.php(207): CodeIgniter\Router\Router->checkDisallowedChars('apps/assets/extensions/@dataTablesBund/pdfmake.min.js.map')
 2 SYSTEMPATH/CodeIgniter.php(832): CodeIgniter\Router\Router->handle('apps/assets/extensions/@dataTablesBund/pdfmake.min.js.map')
 3 SYSTEMPATH/CodeIgniter.php(455): CodeIgniter\CodeIgniter->tryToRouteIt(Object(CodeIgniter\Router\RouteCollection))
 4 SYSTEMPATH/CodeIgniter.php(354): CodeIgniter\CodeIgniter->handleRequest(null, Object(Config\Cache), false)
 5 SYSTEMPATH/Boot.php(334): CodeIgniter\CodeIgniter->run()
 6 SYSTEMPATH/Boot.php(67): CodeIgniter\Boot::runCodeIgniter(Object(CodeIgniter\CodeIgniter))
 7 FCPATH/index.php(56): CodeIgniter\Boot::bootWeb(Object(Config\Paths))
DEBUG - 2026-07-29 10:30:57 --> Session: Class initialized using 'CodeIgniter\Session\Handlers\FileHandler' driver.
WARNING - 2026-07-29 10:30:58 --> [DEPRECATED] Creation of dynamic property App\Controllers\Apps\FetchData::$apps is deprecated in APPPATH/Controllers/Apps/FetchData.php on line 21.
 1 SYSTEMPATH/CodeIgniter.php(903): App\Controllers\Apps\FetchData->__construct()
 2 SYSTEMPATH/CodeIgniter.php(498): CodeIgniter\CodeIgniter->createController()
 3 SYSTEMPATH/CodeIgniter.php(354): CodeIgniter\CodeIgniter->handleRequest(null, Object(Config\Cache), false)
 4 SYSTEMPATH/Boot.php(334): CodeIgniter\CodeIgniter->run()
 5 SYSTEMPATH/Boot.php(67): CodeIgniter\Boot::runCodeIgniter(Object(CodeIgniter\CodeIgniter))
 6 FCPATH/index.php(56): CodeIgniter\Boot::bootWeb(Object(Config\Paths))
DEBUG - 2026-07-29 10:31:13 --> Session: Class initialized using 'CodeIgniter\Session\Handlers\FileHandler' driver.
WARNING - 2026-07-29 10:31:14 --> [DEPRECATED] Creation of dynamic property App\Controllers\Apps\AppsController::$apps is deprecated in APPPATH/Controllers/Apps/AppsController.php on line 14.
 1 SYSTEMPATH/CodeIgniter.php(903): App\Controllers\Apps\AppsController->__construct()
 2 SYSTEMPATH/CodeIgniter.php(498): CodeIgniter\CodeIgniter->createController()
 3 SYSTEMPATH/CodeIgniter.php(354): CodeIgniter\CodeIgniter->handleRequest(null, Object(Config\Cache), false)
 4 SYSTEMPATH/Boot.php(334): CodeIgniter\CodeIgniter->run()
 5 SYSTEMPATH/Boot.php(67): CodeIgniter\Boot::runCodeIgniter(Object(CodeIgniter\CodeIgniter))
 6 FCPATH/index.php(56): CodeIgniter\Boot::bootWeb(Object(Config\Paths))
CRITICAL - 2026-07-29 10:31:19 --> CodeIgniter\HTTP\Exceptions\BadRequestException: The URI you submitted has disallowed characters: "@dataTablesBund"
[Method: GET, Route: apps/assets/extensions/@dataTablesBund/pdfmake.min.js.map]
in SYSTEMPATH/Router/Router.php on line 739.
 1 SYSTEMPATH/Router/Router.php(207): CodeIgniter\Router\Router->checkDisallowedChars('apps/assets/extensions/@dataTablesBund/pdfmake.min.js.map')
 2 SYSTEMPATH/CodeIgniter.php(832): CodeIgniter\Router\Router->handle('apps/assets/extensions/@dataTablesBund/pdfmake.min.js.map')
 3 SYSTEMPATH/CodeIgniter.php(455): CodeIgniter\CodeIgniter->tryToRouteIt(Object(CodeIgniter\Router\RouteCollection))
 4 SYSTEMPATH/CodeIgniter.php(354): CodeIgniter\CodeIgniter->handleRequest(null, Object(Config\Cache), false)
 5 SYSTEMPATH/Boot.php(334): CodeIgniter\CodeIgniter->run()
 6 SYSTEMPATH/Boot.php(67): CodeIgniter\Boot::runCodeIgniter(Object(CodeIgniter\CodeIgniter))
 7 FCPATH/index.php(56): CodeIgniter\Boot::bootWeb(Object(Config\Paths))
DEBUG - 2026-07-29 10:31:20 --> Session: Class initialized using 'CodeIgniter\Session\Handlers\FileHandler' driver.
WARNING - 2026-07-29 10:31:21 --> [DEPRECATED] Creation of dynamic property App\Controllers\Apps\FetchData::$apps is deprecated in APPPATH/Controllers/Apps/FetchData.php on line 21.
 1 SYSTEMPATH/CodeIgniter.php(903): App\Controllers\Apps\FetchData->__construct()
 2 SYSTEMPATH/CodeIgniter.php(498): CodeIgniter\CodeIgniter->createController()
 3 SYSTEMPATH/CodeIgniter.php(354): CodeIgniter\CodeIgniter->handleRequest(null, Object(Config\Cache), false)
 4 SYSTEMPATH/Boot.php(334): CodeIgniter\CodeIgniter->run()
 5 SYSTEMPATH/Boot.php(67): CodeIgniter\Boot::runCodeIgniter(Object(CodeIgniter\CodeIgniter))
 6 FCPATH/index.php(56): CodeIgniter\Boot::bootWeb(Object(Config\Paths))
DEBUG - 2026-07-29 10:31:31 --> Session: Class initialized using 'CodeIgniter\Session\Handlers\FileHandler' driver.
WARNING - 2026-07-29 10:31:33 --> [DEPRECATED] Creation of dynamic property App\Controllers\Apps\AppsController::$apps is deprecated in APPPATH/Controllers/Apps/AppsController.php on line 14.
 1 SYSTEMPATH/CodeIgniter.php(903): App\Controllers\Apps\AppsController->__construct()
 2 SYSTEMPATH/CodeIgniter.php(498): CodeIgniter\CodeIgniter->createController()
 3 SYSTEMPATH/CodeIgniter.php(354): CodeIgniter\CodeIgniter->handleRequest(null, Object(Config\Cache), false)
 4 SYSTEMPATH/Boot.php(334): CodeIgniter\CodeIgniter->run()
 5 SYSTEMPATH/Boot.php(67): CodeIgniter\Boot::runCodeIgniter(Object(CodeIgniter\CodeIgniter))
 6 FCPATH/index.php(56): CodeIgniter\Boot::bootWeb(Object(Config\Paths))
CRITICAL - 2026-07-29 10:31:38 --> CodeIgniter\HTTP\Exceptions\BadRequestException: The URI you submitted has disallowed characters: "@dataTablesBund"
[Method: GET, Route: apps/assets/extensions/@dataTablesBund/pdfmake.min.js.map]
in SYSTEMPATH/Router/Router.php on line 739.
 1 SYSTEMPATH/Router/Router.php(207): CodeIgniter\Router\Router->checkDisallowedChars('apps/assets/extensions/@dataTablesBund/pdfmake.min.js.map')
 2 SYSTEMPATH/CodeIgniter.php(832): CodeIgniter\Router\Router->handle('apps/assets/extensions/@dataTablesBund/pdfmake.min.js.map')
 3 SYSTEMPATH/CodeIgniter.php(455): CodeIgniter\CodeIgniter->tryToRouteIt(Object(CodeIgniter\Router\RouteCollection))
 4 SYSTEMPATH/CodeIgniter.php(354): CodeIgniter\CodeIgniter->handleRequest(null, Object(Config\Cache), false)
 5 SYSTEMPATH/Boot.php(334): CodeIgniter\CodeIgniter->run()
 6 SYSTEMPATH/Boot.php(67): CodeIgniter\Boot::runCodeIgniter(Object(CodeIgniter\CodeIgniter))
 7 FCPATH/index.php(56): CodeIgniter\Boot::bootWeb(Object(Config\Paths))
DEBUG - 2026-07-29 10:31:38 --> Session: Class initialized using 'CodeIgniter\Session\Handlers\FileHandler' driver.
WARNING - 2026-07-29 10:31:39 --> [DEPRECATED] Creation of dynamic property App\Controllers\Apps\FetchData::$apps is deprecated in APPPATH/Controllers/Apps/FetchData.php on line 21.
 1 SYSTEMPATH/CodeIgniter.php(903): App\Controllers\Apps\FetchData->__construct()
 2 SYSTEMPATH/CodeIgniter.php(498): CodeIgniter\CodeIgniter->createController()
 3 SYSTEMPATH/CodeIgniter.php(354): CodeIgniter\CodeIgniter->handleRequest(null, Object(Config\Cache), false)
 4 SYSTEMPATH/Boot.php(334): CodeIgniter\CodeIgniter->run()
 5 SYSTEMPATH/Boot.php(67): CodeIgniter\Boot::runCodeIgniter(Object(CodeIgniter\CodeIgniter))
 6 FCPATH/index.php(56): CodeIgniter\Boot::bootWeb(Object(Config\Paths))
DEBUG - 2026-07-29 10:31:51 --> Session: Class initialized using 'CodeIgniter\Session\Handlers\FileHandler' driver.
WARNING - 2026-07-29 10:31:52 --> [DEPRECATED] Creation of dynamic property App\Controllers\Apps\AppsController::$apps is deprecated in APPPATH/Controllers/Apps/AppsController.php on line 14.
 1 SYSTEMPATH/CodeIgniter.php(903): App\Controllers\Apps\AppsController->__construct()
 2 SYSTEMPATH/CodeIgniter.php(498): CodeIgniter\CodeIgniter->createController()
 3 SYSTEMPATH/CodeIgniter.php(354): CodeIgniter\CodeIgniter->handleRequest(null, Object(Config\Cache), false)
 4 SYSTEMPATH/Boot.php(334): CodeIgniter\CodeIgniter->run()
 5 SYSTEMPATH/Boot.php(67): CodeIgniter\Boot::runCodeIgniter(Object(CodeIgniter\CodeIgniter))
 6 FCPATH/index.php(56): CodeIgniter\Boot::bootWeb(Object(Config\Paths))
DEBUG - 2026-07-29 10:31:58 --> Session: Class initialized using 'CodeIgniter\Session\Handlers\FileHandler' driver.
CRITICAL - 2026-07-29 10:31:59 --> CodeIgniter\HTTP\Exceptions\BadRequestException: The URI you submitted has disallowed characters: "@dataTablesBund"
[Method: GET, Route: apps/assets/extensions/@dataTablesBund/pdfmake.min.js.map]
in SYSTEMPATH/Router/Router.php on line 739.
 1 SYSTEMPATH/Router/Router.php(207): CodeIgniter\Router\Router->checkDisallowedChars('apps/assets/extensions/@dataTablesBund/pdfmake.min.js.map')
 2 SYSTEMPATH/CodeIgniter.php(832): CodeIgniter\Router\Router->handle('apps/assets/extensions/@dataTablesBund/pdfmake.min.js.map')
 3 SYSTEMPATH/CodeIgniter.php(455): CodeIgniter\CodeIgniter->tryToRouteIt(Object(CodeIgniter\Router\RouteCollection))
 4 SYSTEMPATH/CodeIgniter.php(354): CodeIgniter\CodeIgniter->handleRequest(null, Object(Config\Cache), false)
 5 SYSTEMPATH/Boot.php(334): CodeIgniter\CodeIgniter->run()
 6 SYSTEMPATH/Boot.php(67): CodeIgniter\Boot::runCodeIgniter(Object(CodeIgniter\CodeIgniter))
 7 FCPATH/index.php(56): CodeIgniter\Boot::bootWeb(Object(Config\Paths))
WARNING - 2026-07-29 10:31:59 --> [DEPRECATED] Creation of dynamic property App\Controllers\Apps\FetchData::$apps is deprecated in APPPATH/Controllers/Apps/FetchData.php on line 21.
 1 SYSTEMPATH/CodeIgniter.php(903): App\Controllers\Apps\FetchData->__construct()
 2 SYSTEMPATH/CodeIgniter.php(498): CodeIgniter\CodeIgniter->createController()
 3 SYSTEMPATH/CodeIgniter.php(354): CodeIgniter\CodeIgniter->handleRequest(null, Object(Config\Cache), false)
 4 SYSTEMPATH/Boot.php(334): CodeIgniter\CodeIgniter->run()
 5 SYSTEMPATH/Boot.php(67): CodeIgniter\Boot::runCodeIgniter(Object(CodeIgniter\CodeIgniter))
 6 FCPATH/index.php(56): CodeIgniter\Boot::bootWeb(Object(Config\Paths))
DEBUG - 2026-07-29 10:32:47 --> Session: Class initialized using 'CodeIgniter\Session\Handlers\FileHandler' driver.
WARNING - 2026-07-29 10:32:48 --> [DEPRECATED] Creation of dynamic property App\Controllers\Apps\AppsController::$apps is deprecated in APPPATH/Controllers/Apps/AppsController.php on line 14.
 1 SYSTEMPATH/CodeIgniter.php(903): App\Controllers\Apps\AppsController->__construct()
 2 SYSTEMPATH/CodeIgniter.php(498): CodeIgniter\CodeIgniter->createController()
 3 SYSTEMPATH/CodeIgniter.php(354): CodeIgniter\CodeIgniter->handleRequest(null, Object(Config\Cache), false)
 4 SYSTEMPATH/Boot.php(334): CodeIgniter\CodeIgniter->run()
 5 SYSTEMPATH/Boot.php(67): CodeIgniter\Boot::runCodeIgniter(Object(CodeIgniter\CodeIgniter))
 6 FCPATH/index.php(56): CodeIgniter\Boot::bootWeb(Object(Config\Paths))
CRITICAL - 2026-07-29 10:32:55 --> CodeIgniter\HTTP\Exceptions\BadRequestException: The URI you submitted has disallowed characters: "@dataTablesBund"
[Method: GET, Route: apps/assets/extensions/@dataTablesBund/pdfmake.min.js.map]
in SYSTEMPATH/Router/Router.php on line 739.
 1 SYSTEMPATH/Router/Router.php(207): CodeIgniter\Router\Router->checkDisallowedChars('apps/assets/extensions/@dataTablesBund/pdfmake.min.js.map')
 2 SYSTEMPATH/CodeIgniter.php(832): CodeIgniter\Router\Router->handle('apps/assets/extensions/@dataTablesBund/pdfmake.min.js.map')
 3 SYSTEMPATH/CodeIgniter.php(455): CodeIgniter\CodeIgniter->tryToRouteIt(Object(CodeIgniter\Router\RouteCollection))
 4 SYSTEMPATH/CodeIgniter.php(354): CodeIgniter\CodeIgniter->handleRequest(null, Object(Config\Cache), false)
 5 SYSTEMPATH/Boot.php(334): CodeIgniter\CodeIgniter->run()
 6 SYSTEMPATH/Boot.php(67): CodeIgniter\Boot::runCodeIgniter(Object(CodeIgniter\CodeIgniter))
 7 FCPATH/index.php(56): CodeIgniter\Boot::bootWeb(Object(Config\Paths))
DEBUG - 2026-07-29 10:32:55 --> Session: Class initialized using 'CodeIgniter\Session\Handlers\FileHandler' driver.
WARNING - 2026-07-29 10:32:56 --> [DEPRECATED] Creation of dynamic property App\Controllers\Apps\FetchData::$apps is deprecated in APPPATH/Controllers/Apps/FetchData.php on line 21.
 1 SYSTEMPATH/CodeIgniter.php(903): App\Controllers\Apps\FetchData->__construct()
 2 SYSTEMPATH/CodeIgniter.php(498): CodeIgniter\CodeIgniter->createController()
 3 SYSTEMPATH/CodeIgniter.php(354): CodeIgniter\CodeIgniter->handleRequest(null, Object(Config\Cache), false)
 4 SYSTEMPATH/Boot.php(334): CodeIgniter\CodeIgniter->run()
 5 SYSTEMPATH/Boot.php(67): CodeIgniter\Boot::runCodeIgniter(Object(CodeIgniter\CodeIgniter))
 6 FCPATH/index.php(56): CodeIgniter\Boot::bootWeb(Object(Config\Paths))
DEBUG - 2026-07-29 10:33:14 --> Session: Class initialized using 'CodeIgniter\Session\Handlers\FileHandler' driver.
WARNING - 2026-07-29 10:33:16 --> [DEPRECATED] Creation of dynamic property App\Controllers\Apps\Services\IKPAData::$ikpamodel is deprecated in APPPATH/Controllers/Apps/Services/IKPAData.php on line 18.
 1 SYSTEMPATH/CodeIgniter.php(903): App\Controllers\Apps\Services\IKPAData->__construct()
 2 SYSTEMPATH/CodeIgniter.php(498): CodeIgniter\CodeIgniter->createController()
 3 SYSTEMPATH/CodeIgniter.php(354): CodeIgniter\CodeIgniter->handleRequest(null, Object(Config\Cache), false)
 4 SYSTEMPATH/Boot.php(334): CodeIgniter\CodeIgniter->run()
 5 SYSTEMPATH/Boot.php(67): CodeIgniter\Boot::runCodeIgniter(Object(CodeIgniter\CodeIgniter))
 6 FCPATH/index.php(56): CodeIgniter\Boot::bootWeb(Object(Config\Paths))
WARNING - 2026-07-29 10:33:16 --> [DEPRECATED] Creation of dynamic property App\Controllers\Apps\Services\IKPAData::$apps is deprecated in APPPATH/Controllers/Apps/Services/IKPAData.php on line 19.
 1 SYSTEMPATH/CodeIgniter.php(903): App\Controllers\Apps\Services\IKPAData->__construct()
 2 SYSTEMPATH/CodeIgniter.php(498): CodeIgniter\CodeIgniter->createController()
 3 SYSTEMPATH/CodeIgniter.php(354): CodeIgniter\CodeIgniter->handleRequest(null, Object(Config\Cache), false)
 4 SYSTEMPATH/Boot.php(334): CodeIgniter\CodeIgniter->run()
 5 SYSTEMPATH/Boot.php(67): CodeIgniter\Boot::runCodeIgniter(Object(CodeIgniter\CodeIgniter))
 6 FCPATH/index.php(56): CodeIgniter\Boot::bootWeb(Object(Config\Paths))
WARNING - 2026-07-29 10:33:16 --> [DEPRECATED] Creation of dynamic property App\Controllers\Apps\Services\IKPAData::$uploader is deprecated in APPPATH/Controllers/Apps/Services/IKPAData.php on line 20.
 1 SYSTEMPATH/CodeIgniter.php(903): App\Controllers\Apps\Services\IKPAData->__construct()
 2 SYSTEMPATH/CodeIgniter.php(498): CodeIgniter\CodeIgniter->createController()
 3 SYSTEMPATH/CodeIgniter.php(354): CodeIgniter\CodeIgniter->handleRequest(null, Object(Config\Cache), false)
 4 SYSTEMPATH/Boot.php(334): CodeIgniter\CodeIgniter->run()
 5 SYSTEMPATH/Boot.php(67): CodeIgniter\Boot::runCodeIgniter(Object(CodeIgniter\CodeIgniter))
 6 FCPATH/index.php(56): CodeIgniter\Boot::bootWeb(Object(Config\Paths))
WARNING - 2026-07-29 10:33:16 --> [DEPRECATED] Creation of dynamic property App\Controllers\Apps\Services\IKPAData::$dataTables is deprecated in APPPATH/Controllers/Apps/Services/IKPAData.php on line 21.
 1 SYSTEMPATH/CodeIgniter.php(903): App\Controllers\Apps\Services\IKPAData->__construct()
 2 SYSTEMPATH/CodeIgniter.php(498): CodeIgniter\CodeIgniter->createController()
 3 SYSTEMPATH/CodeIgniter.php(354): CodeIgniter\CodeIgniter->handleRequest(null, Object(Config\Cache), false)
 4 SYSTEMPATH/Boot.php(334): CodeIgniter\CodeIgniter->run()
 5 SYSTEMPATH/Boot.php(67): CodeIgniter\Boot::runCodeIgniter(Object(CodeIgniter\CodeIgniter))
 6 FCPATH/index.php(56): CodeIgniter\Boot::bootWeb(Object(Config\Paths))
DEBUG - 2026-07-29 10:33:26 --> Session: Class initialized using 'CodeIgniter\Session\Handlers\FileHandler' driver.
WARNING - 2026-07-29 10:33:26 --> [DEPRECATED] Creation of dynamic property App\Controllers\Apps\Services\IKPAData::$ikpamodel is deprecated in APPPATH/Controllers/Apps/Services/IKPAData.php on line 18.
 1 SYSTEMPATH/CodeIgniter.php(903): App\Controllers\Apps\Services\IKPAData->__construct()
 2 SYSTEMPATH/CodeIgniter.php(498): CodeIgniter\CodeIgniter->createController()
 3 SYSTEMPATH/CodeIgniter.php(354): CodeIgniter\CodeIgniter->handleRequest(null, Object(Config\Cache), false)
 4 SYSTEMPATH/Boot.php(334): CodeIgniter\CodeIgniter->run()
 5 SYSTEMPATH/Boot.php(67): CodeIgniter\Boot::runCodeIgniter(Object(CodeIgniter\CodeIgniter))
 6 FCPATH/index.php(56): CodeIgniter\Boot::bootWeb(Object(Config\Paths))
WARNING - 2026-07-29 10:33:27 --> [DEPRECATED] Creation of dynamic property App\Controllers\Apps\Services\IKPAData::$apps is deprecated in APPPATH/Controllers/Apps/Services/IKPAData.php on line 19.
 1 SYSTEMPATH/CodeIgniter.php(903): App\Controllers\Apps\Services\IKPAData->__construct()
 2 SYSTEMPATH/CodeIgniter.php(498): CodeIgniter\CodeIgniter->createController()
 3 SYSTEMPATH/CodeIgniter.php(354): CodeIgniter\CodeIgniter->handleRequest(null, Object(Config\Cache), false)
 4 SYSTEMPATH/Boot.php(334): CodeIgniter\CodeIgniter->run()
 5 SYSTEMPATH/Boot.php(67): CodeIgniter\Boot::runCodeIgniter(Object(CodeIgniter\CodeIgniter))
 6 FCPATH/index.php(56): CodeIgniter\Boot::bootWeb(Object(Config\Paths))
WARNING - 2026-07-29 10:33:27 --> [DEPRECATED] Creation of dynamic property App\Controllers\Apps\Services\IKPAData::$uploader is deprecated in APPPATH/Controllers/Apps/Services/IKPAData.php on line 20.
 1 SYSTEMPATH/CodeIgniter.php(903): App\Controllers\Apps\Services\IKPAData->__construct()
 2 SYSTEMPATH/CodeIgniter.php(498): CodeIgniter\CodeIgniter->createController()
 3 SYSTEMPATH/CodeIgniter.php(354): CodeIgniter\CodeIgniter->handleRequest(null, Object(Config\Cache), false)
 4 SYSTEMPATH/Boot.php(334): CodeIgniter\CodeIgniter->run()
 5 SYSTEMPATH/Boot.php(67): CodeIgniter\Boot::runCodeIgniter(Object(CodeIgniter\CodeIgniter))
 6 FCPATH/index.php(56): CodeIgniter\Boot::bootWeb(Object(Config\Paths))
WARNING - 2026-07-29 10:33:27 --> [DEPRECATED] Creation of dynamic property App\Controllers\Apps\Services\IKPAData::$dataTables is deprecated in APPPATH/Controllers/Apps/Services/IKPAData.php on line 21.
 1 SYSTEMPATH/CodeIgniter.php(903): App\Controllers\Apps\Services\IKPAData->__construct()
 2 SYSTEMPATH/CodeIgniter.php(498): CodeIgniter\CodeIgniter->createController()
 3 SYSTEMPATH/CodeIgniter.php(354): CodeIgniter\CodeIgniter->handleRequest(null, Object(Config\Cache), false)
 4 SYSTEMPATH/Boot.php(334): CodeIgniter\CodeIgniter->run()
 5 SYSTEMPATH/Boot.php(67): CodeIgniter\Boot::runCodeIgniter(Object(CodeIgniter\CodeIgniter))
 6 FCPATH/index.php(56): CodeIgniter\Boot::bootWeb(Object(Config\Paths))
DEBUG - 2026-07-29 10:33:32 --> Session: Class initialized using 'CodeIgniter\Session\Handlers\FileHandler' driver.
WARNING - 2026-07-29 10:33:33 --> [DEPRECATED] Creation of dynamic property App\Controllers\Apps\Services\IKPAData::$ikpamodel is deprecated in APPPATH/Controllers/Apps/Services/IKPAData.php on line 18.
 1 SYSTEMPATH/CodeIgniter.php(903): App\Controllers\Apps\Services\IKPAData->__construct()
 2 SYSTEMPATH/CodeIgniter.php(498): CodeIgniter\CodeIgniter->createController()
 3 SYSTEMPATH/CodeIgniter.php(354): CodeIgniter\CodeIgniter->handleRequest(null, Object(Config\Cache), false)
 4 SYSTEMPATH/Boot.php(334): CodeIgniter\CodeIgniter->run()
 5 SYSTEMPATH/Boot.php(67): CodeIgniter\Boot::runCodeIgniter(Object(CodeIgniter\CodeIgniter))
 6 FCPATH/index.php(56): CodeIgniter\Boot::bootWeb(Object(Config\Paths))
WARNING - 2026-07-29 10:33:33 --> [DEPRECATED] Creation of dynamic property App\Controllers\Apps\Services\IKPAData::$apps is deprecated in APPPATH/Controllers/Apps/Services/IKPAData.php on line 19.
 1 SYSTEMPATH/CodeIgniter.php(903): App\Controllers\Apps\Services\IKPAData->__construct()
 2 SYSTEMPATH/CodeIgniter.php(498): CodeIgniter\CodeIgniter->createController()
 3 SYSTEMPATH/CodeIgniter.php(354): CodeIgniter\CodeIgniter->handleRequest(null, Object(Config\Cache), false)
 4 SYSTEMPATH/Boot.php(334): CodeIgniter\CodeIgniter->run()
 5 SYSTEMPATH/Boot.php(67): CodeIgniter\Boot::runCodeIgniter(Object(CodeIgniter\CodeIgniter))
 6 FCPATH/index.php(56): CodeIgniter\Boot::bootWeb(Object(Config\Paths))
WARNING - 2026-07-29 10:33:33 --> [DEPRECATED] Creation of dynamic property App\Controllers\Apps\Services\IKPAData::$uploader is deprecated in APPPATH/Controllers/Apps/Services/IKPAData.php on line 20.
 1 SYSTEMPATH/CodeIgniter.php(903): App\Controllers\Apps\Services\IKPAData->__construct()
 2 SYSTEMPATH/CodeIgniter.php(498): CodeIgniter\CodeIgniter->createController()
 3 SYSTEMPATH/CodeIgniter.php(354): CodeIgniter\CodeIgniter->handleRequest(null, Object(Config\Cache), false)
 4 SYSTEMPATH/Boot.php(334): CodeIgniter\CodeIgniter->run()
 5 SYSTEMPATH/Boot.php(67): CodeIgniter\Boot::runCodeIgniter(Object(CodeIgniter\CodeIgniter))
 6 FCPATH/index.php(56): CodeIgniter\Boot::bootWeb(Object(Config\Paths))
WARNING - 2026-07-29 10:33:33 --> [DEPRECATED] Creation of dynamic property App\Controllers\Apps\Services\IKPAData::$dataTables is deprecated in APPPATH/Controllers/Apps/Services/IKPAData.php on line 21.
 1 SYSTEMPATH/CodeIgniter.php(903): App\Controllers\Apps\Services\IKPAData->__construct()
 2 SYSTEMPATH/CodeIgniter.php(498): CodeIgniter\CodeIgniter->createController()
 3 SYSTEMPATH/CodeIgniter.php(354): CodeIgniter\CodeIgniter->handleRequest(null, Object(Config\Cache), false)
 4 SYSTEMPATH/Boot.php(334): CodeIgniter\CodeIgniter->run()
 5 SYSTEMPATH/Boot.php(67): CodeIgniter\Boot::runCodeIgniter(Object(CodeIgniter\CodeIgniter))
 6 FCPATH/index.php(56): CodeIgniter\Boot::bootWeb(Object(Config\Paths))
DEBUG - 2026-07-29 10:33:34 --> Session: Class initialized using 'CodeIgniter\Session\Handlers\FileHandler' driver.
WARNING - 2026-07-29 10:33:34 --> [DEPRECATED] Creation of dynamic property App\Controllers\Apps\AppsController::$apps is deprecated in APPPATH/Controllers/Apps/AppsController.php on line 14.
 1 SYSTEMPATH/CodeIgniter.php(903): App\Controllers\Apps\AppsController->__construct()
 2 SYSTEMPATH/CodeIgniter.php(498): CodeIgniter\CodeIgniter->createController()
 3 SYSTEMPATH/CodeIgniter.php(354): CodeIgniter\CodeIgniter->handleRequest(null, Object(Config\Cache), false)
 4 SYSTEMPATH/Boot.php(334): CodeIgniter\CodeIgniter->run()
 5 SYSTEMPATH/Boot.php(67): CodeIgniter\Boot::runCodeIgniter(Object(CodeIgniter\CodeIgniter))
 6 FCPATH/index.php(56): CodeIgniter\Boot::bootWeb(Object(Config\Paths))
DEBUG - 2026-07-29 10:33:43 --> Session: Class initialized using 'CodeIgniter\Session\Handlers\FileHandler' driver.
WARNING - 2026-07-29 10:33:44 --> [DEPRECATED] Creation of dynamic property App\Controllers\Apps\FetchData::$apps is deprecated in APPPATH/Controllers/Apps/FetchData.php on line 21.
 1 SYSTEMPATH/CodeIgniter.php(903): App\Controllers\Apps\FetchData->__construct()
 2 SYSTEMPATH/CodeIgniter.php(498): CodeIgniter\CodeIgniter->createController()
 3 SYSTEMPATH/CodeIgniter.php(354): CodeIgniter\CodeIgniter->handleRequest(null, Object(Config\Cache), false)
 4 SYSTEMPATH/Boot.php(334): CodeIgniter\CodeIgniter->run()
 5 SYSTEMPATH/Boot.php(67): CodeIgniter\Boot::runCodeIgniter(Object(CodeIgniter\CodeIgniter))
 6 FCPATH/index.php(56): CodeIgniter\Boot::bootWeb(Object(Config\Paths))
DEBUG - 2026-07-29 10:36:23 --> Session: Class initialized using 'CodeIgniter\Session\Handlers\FileHandler' driver.
WARNING - 2026-07-29 10:36:25 --> [DEPRECATED] Creation of dynamic property App\Controllers\Apps\AppsController::$apps is deprecated in APPPATH/Controllers/Apps/AppsController.php on line 14.
 1 SYSTEMPATH/CodeIgniter.php(903): App\Controllers\Apps\AppsController->__construct()
 2 SYSTEMPATH/CodeIgniter.php(498): CodeIgniter\CodeIgniter->createController()
 3 SYSTEMPATH/CodeIgniter.php(354): CodeIgniter\CodeIgniter->handleRequest(null, Object(Config\Cache), false)
 4 SYSTEMPATH/Boot.php(334): CodeIgniter\CodeIgniter->run()
 5 SYSTEMPATH/Boot.php(67): CodeIgniter\Boot::runCodeIgniter(Object(CodeIgniter\CodeIgniter))
 6 FCPATH/index.php(56): CodeIgniter\Boot::bootWeb(Object(Config\Paths))
DEBUG - 2026-07-29 10:36:34 --> Session: Class initialized using 'CodeIgniter\Session\Handlers\FileHandler' driver.
WARNING - 2026-07-29 10:36:35 --> [DEPRECATED] Creation of dynamic property App\Controllers\Apps\FetchData::$apps is deprecated in APPPATH/Controllers/Apps/FetchData.php on line 21.
 1 SYSTEMPATH/CodeIgniter.php(903): App\Controllers\Apps\FetchData->__construct()
 2 SYSTEMPATH/CodeIgniter.php(498): CodeIgniter\CodeIgniter->createController()
 3 SYSTEMPATH/CodeIgniter.php(354): CodeIgniter\CodeIgniter->handleRequest(null, Object(Config\Cache), false)
 4 SYSTEMPATH/Boot.php(334): CodeIgniter\CodeIgniter->run()
 5 SYSTEMPATH/Boot.php(67): CodeIgniter\Boot::runCodeIgniter(Object(CodeIgniter\CodeIgniter))
 6 FCPATH/index.php(56): CodeIgniter\Boot::bootWeb(Object(Config\Paths))
DEBUG - 2026-07-29 10:39:47 --> Session: Class initialized using 'CodeIgniter\Session\Handlers\FileHandler' driver.
WARNING - 2026-07-29 10:39:48 --> [DEPRECATED] Creation of dynamic property App\Controllers\Apps\AppsController::$apps is deprecated in APPPATH/Controllers/Apps/AppsController.php on line 14.
 1 SYSTEMPATH/CodeIgniter.php(903): App\Controllers\Apps\AppsController->__construct()
 2 SYSTEMPATH/CodeIgniter.php(498): CodeIgniter\CodeIgniter->createController()
 3 SYSTEMPATH/CodeIgniter.php(354): CodeIgniter\CodeIgniter->handleRequest(null, Object(Config\Cache), false)
 4 SYSTEMPATH/Boot.php(334): CodeIgniter\CodeIgniter->run()
 5 SYSTEMPATH/Boot.php(67): CodeIgniter\Boot::runCodeIgniter(Object(CodeIgniter\CodeIgniter))
 6 FCPATH/index.php(56): CodeIgniter\Boot::bootWeb(Object(Config\Paths))
DEBUG - 2026-07-29 10:40:01 --> Session: Class initialized using 'CodeIgniter\Session\Handlers\FileHandler' driver.
WARNING - 2026-07-29 10:40:02 --> [DEPRECATED] Creation of dynamic property App\Controllers\Apps\FetchData::$apps is deprecated in APPPATH/Controllers/Apps/FetchData.php on line 21.
 1 SYSTEMPATH/CodeIgniter.php(903): App\Controllers\Apps\FetchData->__construct()
 2 SYSTEMPATH/CodeIgniter.php(498): CodeIgniter\CodeIgniter->createController()
 3 SYSTEMPATH/CodeIgniter.php(354): CodeIgniter\CodeIgniter->handleRequest(null, Object(Config\Cache), false)
 4 SYSTEMPATH/Boot.php(334): CodeIgniter\CodeIgniter->run()
 5 SYSTEMPATH/Boot.php(67): CodeIgniter\Boot::runCodeIgniter(Object(CodeIgniter\CodeIgniter))
 6 FCPATH/index.php(56): CodeIgniter\Boot::bootWeb(Object(Config\Paths))
DEBUG - 2026-07-29 10:40:15 --> Session: Class initialized using 'CodeIgniter\Session\Handlers\FileHandler' driver.
WARNING - 2026-07-29 10:40:16 --> [DEPRECATED] Creation of dynamic property App\Controllers\Apps\AppsController::$apps is deprecated in APPPATH/Controllers/Apps/AppsController.php on line 14.
 1 SYSTEMPATH/CodeIgniter.php(903): App\Controllers\Apps\AppsController->__construct()
 2 SYSTEMPATH/CodeIgniter.php(498): CodeIgniter\CodeIgniter->createController()
 3 SYSTEMPATH/CodeIgniter.php(354): CodeIgniter\CodeIgniter->handleRequest(null, Object(Config\Cache), false)
 4 SYSTEMPATH/Boot.php(334): CodeIgniter\CodeIgniter->run()
 5 SYSTEMPATH/Boot.php(67): CodeIgniter\Boot::runCodeIgniter(Object(CodeIgniter\CodeIgniter))
 6 FCPATH/index.php(56): CodeIgniter\Boot::bootWeb(Object(Config\Paths))
DEBUG - 2026-07-29 10:40:25 --> Session: Class initialized using 'CodeIgniter\Session\Handlers\FileHandler' driver.
WARNING - 2026-07-29 10:40:26 --> [DEPRECATED] Creation of dynamic property App\Controllers\Apps\FetchData::$apps is deprecated in APPPATH/Controllers/Apps/FetchData.php on line 21.
 1 SYSTEMPATH/CodeIgniter.php(903): App\Controllers\Apps\FetchData->__construct()
 2 SYSTEMPATH/CodeIgniter.php(498): CodeIgniter\CodeIgniter->createController()
 3 SYSTEMPATH/CodeIgniter.php(354): CodeIgniter\CodeIgniter->handleRequest(null, Object(Config\Cache), false)
 4 SYSTEMPATH/Boot.php(334): CodeIgniter\CodeIgniter->run()
 5 SYSTEMPATH/Boot.php(67): CodeIgniter\Boot::runCodeIgniter(Object(CodeIgniter\CodeIgniter))
 6 FCPATH/index.php(56): CodeIgniter\Boot::bootWeb(Object(Config\Paths))
DEBUG - 2026-07-29 10:41:11 --> Session: Class initialized using 'CodeIgniter\Session\Handlers\FileHandler' driver.
WARNING - 2026-07-29 10:41:12 --> [DEPRECATED] Creation of dynamic property App\Controllers\Apps\AppsController::$apps is deprecated in APPPATH/Controllers/Apps/AppsController.php on line 14.
 1 SYSTEMPATH/CodeIgniter.php(903): App\Controllers\Apps\AppsController->__construct()
 2 SYSTEMPATH/CodeIgniter.php(498): CodeIgniter\CodeIgniter->createController()
 3 SYSTEMPATH/CodeIgniter.php(354): CodeIgniter\CodeIgniter->handleRequest(null, Object(Config\Cache), false)
 4 SYSTEMPATH/Boot.php(334): CodeIgniter\CodeIgniter->run()
 5 SYSTEMPATH/Boot.php(67): CodeIgniter\Boot::runCodeIgniter(Object(CodeIgniter\CodeIgniter))
 6 FCPATH/index.php(56): CodeIgniter\Boot::bootWeb(Object(Config\Paths))
DEBUG - 2026-07-29 10:41:25 --> Session: Class initialized using 'CodeIgniter\Session\Handlers\FileHandler' driver.
WARNING - 2026-07-29 10:41:26 --> [DEPRECATED] Creation of dynamic property App\Controllers\Apps\FetchData::$apps is deprecated in APPPATH/Controllers/Apps/FetchData.php on line 21.
 1 SYSTEMPATH/CodeIgniter.php(903): App\Controllers\Apps\FetchData->__construct()
 2 SYSTEMPATH/CodeIgniter.php(498): CodeIgniter\CodeIgniter->createController()
 3 SYSTEMPATH/CodeIgniter.php(354): CodeIgniter\CodeIgniter->handleRequest(null, Object(Config\Cache), false)
 4 SYSTEMPATH/Boot.php(334): CodeIgniter\CodeIgniter->run()
 5 SYSTEMPATH/Boot.php(67): CodeIgniter\Boot::runCodeIgniter(Object(CodeIgniter\CodeIgniter))
 6 FCPATH/index.php(56): CodeIgniter\Boot::bootWeb(Object(Config\Paths))
DEBUG - 2026-07-29 10:42:07 --> Session: Class initialized using 'CodeIgniter\Session\Handlers\FileHandler' driver.
WARNING - 2026-07-29 10:42:09 --> [DEPRECATED] Creation of dynamic property App\Controllers\Apps\Services\IKPAData::$ikpamodel is deprecated in APPPATH/Controllers/Apps/Services/IKPAData.php on line 18.
 1 SYSTEMPATH/CodeIgniter.php(903): App\Controllers\Apps\Services\IKPAData->__construct()
 2 SYSTEMPATH/CodeIgniter.php(498): CodeIgniter\CodeIgniter->createController()
 3 SYSTEMPATH/CodeIgniter.php(354): CodeIgniter\CodeIgniter->handleRequest(null, Object(Config\Cache), false)
 4 SYSTEMPATH/Boot.php(334): CodeIgniter\CodeIgniter->run()
 5 SYSTEMPATH/Boot.php(67): CodeIgniter\Boot::runCodeIgniter(Object(CodeIgniter\CodeIgniter))
 6 FCPATH/index.php(56): CodeIgniter\Boot::bootWeb(Object(Config\Paths))
WARNING - 2026-07-29 10:42:09 --> [DEPRECATED] Creation of dynamic property App\Controllers\Apps\Services\IKPAData::$apps is deprecated in APPPATH/Controllers/Apps/Services/IKPAData.php on line 19.
 1 SYSTEMPATH/CodeIgniter.php(903): App\Controllers\Apps\Services\IKPAData->__construct()
 2 SYSTEMPATH/CodeIgniter.php(498): CodeIgniter\CodeIgniter->createController()
 3 SYSTEMPATH/CodeIgniter.php(354): CodeIgniter\CodeIgniter->handleRequest(null, Object(Config\Cache), false)
 4 SYSTEMPATH/Boot.php(334): CodeIgniter\CodeIgniter->run()
 5 SYSTEMPATH/Boot.php(67): CodeIgniter\Boot::runCodeIgniter(Object(CodeIgniter\CodeIgniter))
 6 FCPATH/index.php(56): CodeIgniter\Boot::bootWeb(Object(Config\Paths))
WARNING - 2026-07-29 10:42:09 --> [DEPRECATED] Creation of dynamic property App\Controllers\Apps\Services\IKPAData::$uploader is deprecated in APPPATH/Controllers/Apps/Services/IKPAData.php on line 20.
 1 SYSTEMPATH/CodeIgniter.php(903): App\Controllers\Apps\Services\IKPAData->__construct()
 2 SYSTEMPATH/CodeIgniter.php(498): CodeIgniter\CodeIgniter->createController()
 3 SYSTEMPATH/CodeIgniter.php(354): CodeIgniter\CodeIgniter->handleRequest(null, Object(Config\Cache), false)
 4 SYSTEMPATH/Boot.php(334): CodeIgniter\CodeIgniter->run()
 5 SYSTEMPATH/Boot.php(67): CodeIgniter\Boot::runCodeIgniter(Object(CodeIgniter\CodeIgniter))
 6 FCPATH/index.php(56): CodeIgniter\Boot::bootWeb(Object(Config\Paths))
WARNING - 2026-07-29 10:42:09 --> [DEPRECATED] Creation of dynamic property App\Controllers\Apps\Services\IKPAData::$dataTables is deprecated in APPPATH/Controllers/Apps/Services/IKPAData.php on line 21.
 1 SYSTEMPATH/CodeIgniter.php(903): App\Controllers\Apps\Services\IKPAData->__construct()
 2 SYSTEMPATH/CodeIgniter.php(498): CodeIgniter\CodeIgniter->createController()
 3 SYSTEMPATH/CodeIgniter.php(354): CodeIgniter\CodeIgniter->handleRequest(null, Object(Config\Cache), false)
 4 SYSTEMPATH/Boot.php(334): CodeIgniter\CodeIgniter->run()
 5 SYSTEMPATH/Boot.php(67): CodeIgniter\Boot::runCodeIgniter(Object(CodeIgniter\CodeIgniter))
 6 FCPATH/index.php(56): CodeIgniter\Boot::bootWeb(Object(Config\Paths))
DEBUG - 2026-07-29 10:42:23 --> Session: Class initialized using 'CodeIgniter\Session\Handlers\FileHandler' driver.
WARNING - 2026-07-29 10:42:26 --> [DEPRECATED] Creation of dynamic property App\Controllers\Apps\Services\IKPAData::$ikpamodel is deprecated in APPPATH/Controllers/Apps/Services/IKPAData.php on line 18.
 1 SYSTEMPATH/CodeIgniter.php(903): App\Controllers\Apps\Services\IKPAData->__construct()
 2 SYSTEMPATH/CodeIgniter.php(498): CodeIgniter\CodeIgniter->createController()
 3 SYSTEMPATH/CodeIgniter.php(354): CodeIgniter\CodeIgniter->handleRequest(null, Object(Config\Cache), false)
 4 SYSTEMPATH/Boot.php(334): CodeIgniter\CodeIgniter->run()
 5 SYSTEMPATH/Boot.php(67): CodeIgniter\Boot::runCodeIgniter(Object(CodeIgniter\CodeIgniter))
 6 FCPATH/index.php(56): CodeIgniter\Boot::bootWeb(Object(Config\Paths))
WARNING - 2026-07-29 10:42:26 --> [DEPRECATED] Creation of dynamic property App\Controllers\Apps\Services\IKPAData::$apps is deprecated in APPPATH/Controllers/Apps/Services/IKPAData.php on line 19.
 1 SYSTEMPATH/CodeIgniter.php(903): App\Controllers\Apps\Services\IKPAData->__construct()
 2 SYSTEMPATH/CodeIgniter.php(498): CodeIgniter\CodeIgniter->createController()
 3 SYSTEMPATH/CodeIgniter.php(354): CodeIgniter\CodeIgniter->handleRequest(null, Object(Config\Cache), false)
 4 SYSTEMPATH/Boot.php(334): CodeIgniter\CodeIgniter->run()
 5 SYSTEMPATH/Boot.php(67): CodeIgniter\Boot::runCodeIgniter(Object(CodeIgniter\CodeIgniter))
 6 FCPATH/index.php(56): CodeIgniter\Boot::bootWeb(Object(Config\Paths))
WARNING - 2026-07-29 10:42:26 --> [DEPRECATED] Creation of dynamic property App\Controllers\Apps\Services\IKPAData::$uploader is deprecated in APPPATH/Controllers/Apps/Services/IKPAData.php on line 20.
 1 SYSTEMPATH/CodeIgniter.php(903): App\Controllers\Apps\Services\IKPAData->__construct()
 2 SYSTEMPATH/CodeIgniter.php(498): CodeIgniter\CodeIgniter->createController()
 3 SYSTEMPATH/CodeIgniter.php(354): CodeIgniter\CodeIgniter->handleRequest(null, Object(Config\Cache), false)
 4 SYSTEMPATH/Boot.php(334): CodeIgniter\CodeIgniter->run()
 5 SYSTEMPATH/Boot.php(67): CodeIgniter\Boot::runCodeIgniter(Object(CodeIgniter\CodeIgniter))
 6 FCPATH/index.php(56): CodeIgniter\Boot::bootWeb(Object(Config\Paths))
WARNING - 2026-07-29 10:42:26 --> [DEPRECATED] Creation of dynamic property App\Controllers\Apps\Services\IKPAData::$dataTables is deprecated in APPPATH/Controllers/Apps/Services/IKPAData.php on line 21.
 1 SYSTEMPATH/CodeIgniter.php(903): App\Controllers\Apps\Services\IKPAData->__construct()
 2 SYSTEMPATH/CodeIgniter.php(498): CodeIgniter\CodeIgniter->createController()
 3 SYSTEMPATH/CodeIgniter.php(354): CodeIgniter\CodeIgniter->handleRequest(null, Object(Config\Cache), false)
 4 SYSTEMPATH/Boot.php(334): CodeIgniter\CodeIgniter->run()
 5 SYSTEMPATH/Boot.php(67): CodeIgniter\Boot::runCodeIgniter(Object(CodeIgniter\CodeIgniter))
 6 FCPATH/index.php(56): CodeIgniter\Boot::bootWeb(Object(Config\Paths))
DEBUG - 2026-07-29 10:42:37 --> Session: Class initialized using 'CodeIgniter\Session\Handlers\FileHandler' driver.
WARNING - 2026-07-29 10:42:38 --> [DEPRECATED] Creation of dynamic property App\Controllers\Apps\Services\IKPAData::$ikpamodel is deprecated in APPPATH/Controllers/Apps/Services/IKPAData.php on line 18.
 1 SYSTEMPATH/CodeIgniter.php(903): App\Controllers\Apps\Services\IKPAData->__construct()
 2 SYSTEMPATH/CodeIgniter.php(498): CodeIgniter\CodeIgniter->createController()
 3 SYSTEMPATH/CodeIgniter.php(354): CodeIgniter\CodeIgniter->handleRequest(null, Object(Config\Cache), false)
 4 SYSTEMPATH/Boot.php(334): CodeIgniter\CodeIgniter->run()
 5 SYSTEMPATH/Boot.php(67): CodeIgniter\Boot::runCodeIgniter(Object(CodeIgniter\CodeIgniter))
 6 FCPATH/index.php(56): CodeIgniter\Boot::bootWeb(Object(Config\Paths))
WARNING - 2026-07-29 10:42:38 --> [DEPRECATED] Creation of dynamic property App\Controllers\Apps\Services\IKPAData::$apps is deprecated in APPPATH/Controllers/Apps/Services/IKPAData.php on line 19.
 1 SYSTEMPATH/CodeIgniter.php(903): App\Controllers\Apps\Services\IKPAData->__construct()
 2 SYSTEMPATH/CodeIgniter.php(498): CodeIgniter\CodeIgniter->createController()
 3 SYSTEMPATH/CodeIgniter.php(354): CodeIgniter\CodeIgniter->handleRequest(null, Object(Config\Cache), false)
 4 SYSTEMPATH/Boot.php(334): CodeIgniter\CodeIgniter->run()
 5 SYSTEMPATH/Boot.php(67): CodeIgniter\Boot::runCodeIgniter(Object(CodeIgniter\CodeIgniter))
 6 FCPATH/index.php(56): CodeIgniter\Boot::bootWeb(Object(Config\Paths))
WARNING - 2026-07-29 10:42:38 --> [DEPRECATED] Creation of dynamic property App\Controllers\Apps\Services\IKPAData::$uploader is deprecated in APPPATH/Controllers/Apps/Services/IKPAData.php on line 20.
 1 SYSTEMPATH/CodeIgniter.php(903): App\Controllers\Apps\Services\IKPAData->__construct()
 2 SYSTEMPATH/CodeIgniter.php(498): CodeIgniter\CodeIgniter->createController()
 3 SYSTEMPATH/CodeIgniter.php(354): CodeIgniter\CodeIgniter->handleRequest(null, Object(Config\Cache), false)
 4 SYSTEMPATH/Boot.php(334): CodeIgniter\CodeIgniter->run()
 5 SYSTEMPATH/Boot.php(67): CodeIgniter\Boot::runCodeIgniter(Object(CodeIgniter\CodeIgniter))
 6 FCPATH/index.php(56): CodeIgniter\Boot::bootWeb(Object(Config\Paths))
WARNING - 2026-07-29 10:42:38 --> [DEPRECATED] Creation of dynamic property App\Controllers\Apps\Services\IKPAData::$dataTables is deprecated in APPPATH/Controllers/Apps/Services/IKPAData.php on line 21.
 1 SYSTEMPATH/CodeIgniter.php(903): App\Controllers\Apps\Services\IKPAData->__construct()
 2 SYSTEMPATH/CodeIgniter.php(498): CodeIgniter\CodeIgniter->createController()
 3 SYSTEMPATH/CodeIgniter.php(354): CodeIgniter\CodeIgniter->handleRequest(null, Object(Config\Cache), false)
 4 SYSTEMPATH/Boot.php(334): CodeIgniter\CodeIgniter->run()
 5 SYSTEMPATH/Boot.php(67): CodeIgniter\Boot::runCodeIgniter(Object(CodeIgniter\CodeIgniter))
 6 FCPATH/index.php(56): CodeIgniter\Boot::bootWeb(Object(Config\Paths))
DEBUG - 2026-07-29 10:48:01 --> Session: Class initialized using 'CodeIgniter\Session\Handlers\FileHandler' driver.
WARNING - 2026-07-29 10:48:03 --> [DEPRECATED] Creation of dynamic property App\Controllers\Apps\Services\IKPAData::$ikpamodel is deprecated in APPPATH/Controllers/Apps/Services/IKPAData.php on line 18.
 1 SYSTEMPATH/CodeIgniter.php(903): App\Controllers\Apps\Services\IKPAData->__construct()
 2 SYSTEMPATH/CodeIgniter.php(498): CodeIgniter\CodeIgniter->createController()
 3 SYSTEMPATH/CodeIgniter.php(354): CodeIgniter\CodeIgniter->handleRequest(null, Object(Config\Cache), false)
 4 SYSTEMPATH/Boot.php(334): CodeIgniter\CodeIgniter->run()
 5 SYSTEMPATH/Boot.php(67): CodeIgniter\Boot::runCodeIgniter(Object(CodeIgniter\CodeIgniter))
 6 FCPATH/index.php(56): CodeIgniter\Boot::bootWeb(Object(Config\Paths))
WARNING - 2026-07-29 10:48:03 --> [DEPRECATED] Creation of dynamic property App\Controllers\Apps\Services\IKPAData::$apps is deprecated in APPPATH/Controllers/Apps/Services/IKPAData.php on line 19.
 1 SYSTEMPATH/CodeIgniter.php(903): App\Controllers\Apps\Services\IKPAData->__construct()
 2 SYSTEMPATH/CodeIgniter.php(498): CodeIgniter\CodeIgniter->createController()
 3 SYSTEMPATH/CodeIgniter.php(354): CodeIgniter\CodeIgniter->handleRequest(null, Object(Config\Cache), false)
 4 SYSTEMPATH/Boot.php(334): CodeIgniter\CodeIgniter->run()
 5 SYSTEMPATH/Boot.php(67): CodeIgniter\Boot::runCodeIgniter(Object(CodeIgniter\CodeIgniter))
 6 FCPATH/index.php(56): CodeIgniter\Boot::bootWeb(Object(Config\Paths))
WARNING - 2026-07-29 10:48:03 --> [DEPRECATED] Creation of dynamic property App\Controllers\Apps\Services\IKPAData::$uploader is deprecated in APPPATH/Controllers/Apps/Services/IKPAData.php on line 20.
 1 SYSTEMPATH/CodeIgniter.php(903): App\Controllers\Apps\Services\IKPAData->__construct()
 2 SYSTEMPATH/CodeIgniter.php(498): CodeIgniter\CodeIgniter->createController()
 3 SYSTEMPATH/CodeIgniter.php(354): CodeIgniter\CodeIgniter->handleRequest(null, Object(Config\Cache), false)
 4 SYSTEMPATH/Boot.php(334): CodeIgniter\CodeIgniter->run()
 5 SYSTEMPATH/Boot.php(67): CodeIgniter\Boot::runCodeIgniter(Object(CodeIgniter\CodeIgniter))
 6 FCPATH/index.php(56): CodeIgniter\Boot::bootWeb(Object(Config\Paths))
WARNING - 2026-07-29 10:48:03 --> [DEPRECATED] Creation of dynamic property App\Controllers\Apps\Services\IKPAData::$dataTables is deprecated in APPPATH/Controllers/Apps/Services/IKPAData.php on line 21.
 1 SYSTEMPATH/CodeIgniter.php(903): App\Controllers\Apps\Services\IKPAData->__construct()
 2 SYSTEMPATH/CodeIgniter.php(498): CodeIgniter\CodeIgniter->createController()
 3 SYSTEMPATH/CodeIgniter.php(354): CodeIgniter\CodeIgniter->handleRequest(null, Object(Config\Cache), false)
 4 SYSTEMPATH/Boot.php(334): CodeIgniter\CodeIgniter->run()
 5 SYSTEMPATH/Boot.php(67): CodeIgniter\Boot::runCodeIgniter(Object(CodeIgniter\CodeIgniter))
 6 FCPATH/index.php(56): CodeIgniter\Boot::bootWeb(Object(Config\Paths))
DEBUG - 2026-07-29 10:48:12 --> Session: Class initialized using 'CodeIgniter\Session\Handlers\FileHandler' driver.
WARNING - 2026-07-29 10:48:12 --> [DEPRECATED] Creation of dynamic property App\Controllers\Apps\Services\IKPAData::$ikpamodel is deprecated in APPPATH/Controllers/Apps/Services/IKPAData.php on line 18.
 1 SYSTEMPATH/CodeIgniter.php(903): App\Controllers\Apps\Services\IKPAData->__construct()
 2 SYSTEMPATH/CodeIgniter.php(498): CodeIgniter\CodeIgniter->createController()
 3 SYSTEMPATH/CodeIgniter.php(354): CodeIgniter\CodeIgniter->handleRequest(null, Object(Config\Cache), false)
 4 SYSTEMPATH/Boot.php(334): CodeIgniter\CodeIgniter->run()
 5 SYSTEMPATH/Boot.php(67): CodeIgniter\Boot::runCodeIgniter(Object(CodeIgniter\CodeIgniter))
 6 FCPATH/index.php(56): CodeIgniter\Boot::bootWeb(Object(Config\Paths))
WARNING - 2026-07-29 10:48:13 --> [DEPRECATED] Creation of dynamic property App\Controllers\Apps\Services\IKPAData::$apps is deprecated in APPPATH/Controllers/Apps/Services/IKPAData.php on line 19.
 1 SYSTEMPATH/CodeIgniter.php(903): App\Controllers\Apps\Services\IKPAData->__construct()
 2 SYSTEMPATH/CodeIgniter.php(498): CodeIgniter\CodeIgniter->createController()
 3 SYSTEMPATH/CodeIgniter.php(354): CodeIgniter\CodeIgniter->handleRequest(null, Object(Config\Cache), false)
 4 SYSTEMPATH/Boot.php(334): CodeIgniter\CodeIgniter->run()
 5 SYSTEMPATH/Boot.php(67): CodeIgniter\Boot::runCodeIgniter(Object(CodeIgniter\CodeIgniter))
 6 FCPATH/index.php(56): CodeIgniter\Boot::bootWeb(Object(Config\Paths))
WARNING - 2026-07-29 10:48:13 --> [DEPRECATED] Creation of dynamic property App\Controllers\Apps\Services\IKPAData::$uploader is deprecated in APPPATH/Controllers/Apps/Services/IKPAData.php on line 20.
 1 SYSTEMPATH/CodeIgniter.php(903): App\Controllers\Apps\Services\IKPAData->__construct()
 2 SYSTEMPATH/CodeIgniter.php(498): CodeIgniter\CodeIgniter->createController()
 3 SYSTEMPATH/CodeIgniter.php(354): CodeIgniter\CodeIgniter->handleRequest(null, Object(Config\Cache), false)
 4 SYSTEMPATH/Boot.php(334): CodeIgniter\CodeIgniter->run()
 5 SYSTEMPATH/Boot.php(67): CodeIgniter\Boot::runCodeIgniter(Object(CodeIgniter\CodeIgniter))
 6 FCPATH/index.php(56): CodeIgniter\Boot::bootWeb(Object(Config\Paths))
WARNING - 2026-07-29 10:48:13 --> [DEPRECATED] Creation of dynamic property App\Controllers\Apps\Services\IKPAData::$dataTables is deprecated in APPPATH/Controllers/Apps/Services/IKPAData.php on line 21.
 1 SYSTEMPATH/CodeIgniter.php(903): App\Controllers\Apps\Services\IKPAData->__construct()
 2 SYSTEMPATH/CodeIgniter.php(498): CodeIgniter\CodeIgniter->createController()
 3 SYSTEMPATH/CodeIgniter.php(354): CodeIgniter\CodeIgniter->handleRequest(null, Object(Config\Cache), false)
 4 SYSTEMPATH/Boot.php(334): CodeIgniter\CodeIgniter->run()
 5 SYSTEMPATH/Boot.php(67): CodeIgniter\Boot::runCodeIgniter(Object(CodeIgniter\CodeIgniter))
 6 FCPATH/index.php(56): CodeIgniter\Boot::bootWeb(Object(Config\Paths))
DEBUG - 2026-07-29 10:48:15 --> Session: Class initialized using 'CodeIgniter\Session\Handlers\FileHandler' driver.
WARNING - 2026-07-29 10:48:15 --> [DEPRECATED] Creation of dynamic property App\Controllers\Apps\Services\IKPAData::$ikpamodel is deprecated in APPPATH/Controllers/Apps/Services/IKPAData.php on line 18.
 1 SYSTEMPATH/CodeIgniter.php(903): App\Controllers\Apps\Services\IKPAData->__construct()
 2 SYSTEMPATH/CodeIgniter.php(498): CodeIgniter\CodeIgniter->createController()
 3 SYSTEMPATH/CodeIgniter.php(354): CodeIgniter\CodeIgniter->handleRequest(null, Object(Config\Cache), false)
 4 SYSTEMPATH/Boot.php(334): CodeIgniter\CodeIgniter->run()
 5 SYSTEMPATH/Boot.php(67): CodeIgniter\Boot::runCodeIgniter(Object(CodeIgniter\CodeIgniter))
 6 FCPATH/index.php(56): CodeIgniter\Boot::bootWeb(Object(Config\Paths))
WARNING - 2026-07-29 10:48:15 --> [DEPRECATED] Creation of dynamic property App\Controllers\Apps\Services\IKPAData::$apps is deprecated in APPPATH/Controllers/Apps/Services/IKPAData.php on line 19.
 1 SYSTEMPATH/CodeIgniter.php(903): App\Controllers\Apps\Services\IKPAData->__construct()
 2 SYSTEMPATH/CodeIgniter.php(498): CodeIgniter\CodeIgniter->createController()
 3 SYSTEMPATH/CodeIgniter.php(354): CodeIgniter\CodeIgniter->handleRequest(null, Object(Config\Cache), false)
 4 SYSTEMPATH/Boot.php(334): CodeIgniter\CodeIgniter->run()
 5 SYSTEMPATH/Boot.php(67): CodeIgniter\Boot::runCodeIgniter(Object(CodeIgniter\CodeIgniter))
 6 FCPATH/index.php(56): CodeIgniter\Boot::bootWeb(Object(Config\Paths))
WARNING - 2026-07-29 10:48:15 --> [DEPRECATED] Creation of dynamic property App\Controllers\Apps\Services\IKPAData::$uploader is deprecated in APPPATH/Controllers/Apps/Services/IKPAData.php on line 20.
 1 SYSTEMPATH/CodeIgniter.php(903): App\Controllers\Apps\Services\IKPAData->__construct()
 2 SYSTEMPATH/CodeIgniter.php(498): CodeIgniter\CodeIgniter->createController()
 3 SYSTEMPATH/CodeIgniter.php(354): CodeIgniter\CodeIgniter->handleRequest(null, Object(Config\Cache), false)
 4 SYSTEMPATH/Boot.php(334): CodeIgniter\CodeIgniter->run()
 5 SYSTEMPATH/Boot.php(67): CodeIgniter\Boot::runCodeIgniter(Object(CodeIgniter\CodeIgniter))
 6 FCPATH/index.php(56): CodeIgniter\Boot::bootWeb(Object(Config\Paths))
WARNING - 2026-07-29 10:48:15 --> [DEPRECATED] Creation of dynamic property App\Controllers\Apps\Services\IKPAData::$dataTables is deprecated in APPPATH/Controllers/Apps/Services/IKPAData.php on line 21.
 1 SYSTEMPATH/CodeIgniter.php(903): App\Controllers\Apps\Services\IKPAData->__construct()
 2 SYSTEMPATH/CodeIgniter.php(498): CodeIgniter\CodeIgniter->createController()
 3 SYSTEMPATH/CodeIgniter.php(354): CodeIgniter\CodeIgniter->handleRequest(null, Object(Config\Cache), false)
 4 SYSTEMPATH/Boot.php(334): CodeIgniter\CodeIgniter->run()
 5 SYSTEMPATH/Boot.php(67): CodeIgniter\Boot::runCodeIgniter(Object(CodeIgniter\CodeIgniter))
 6 FCPATH/index.php(56): CodeIgniter\Boot::bootWeb(Object(Config\Paths))
DEBUG - 2026-07-29 10:48:16 --> Session: Class initialized using 'CodeIgniter\Session\Handlers\FileHandler' driver.
WARNING - 2026-07-29 10:48:16 --> [DEPRECATED] Creation of dynamic property App\Controllers\Apps\Services\IKPAData::$ikpamodel is deprecated in APPPATH/Controllers/Apps/Services/IKPAData.php on line 18.
 1 SYSTEMPATH/CodeIgniter.php(903): App\Controllers\Apps\Services\IKPAData->__construct()
 2 SYSTEMPATH/CodeIgniter.php(498): CodeIgniter\CodeIgniter->createController()
 3 SYSTEMPATH/CodeIgniter.php(354): CodeIgniter\CodeIgniter->handleRequest(null, Object(Config\Cache), false)
 4 SYSTEMPATH/Boot.php(334): CodeIgniter\CodeIgniter->run()
 5 SYSTEMPATH/Boot.php(67): CodeIgniter\Boot::runCodeIgniter(Object(CodeIgniter\CodeIgniter))
 6 FCPATH/index.php(56): CodeIgniter\Boot::bootWeb(Object(Config\Paths))
WARNING - 2026-07-29 10:48:16 --> [DEPRECATED] Creation of dynamic property App\Controllers\Apps\Services\IKPAData::$apps is deprecated in APPPATH/Controllers/Apps/Services/IKPAData.php on line 19.
 1 SYSTEMPATH/CodeIgniter.php(903): App\Controllers\Apps\Services\IKPAData->__construct()
 2 SYSTEMPATH/CodeIgniter.php(498): CodeIgniter\CodeIgniter->createController()
 3 SYSTEMPATH/CodeIgniter.php(354): CodeIgniter\CodeIgniter->handleRequest(null, Object(Config\Cache), false)
 4 SYSTEMPATH/Boot.php(334): CodeIgniter\CodeIgniter->run()
 5 SYSTEMPATH/Boot.php(67): CodeIgniter\Boot::runCodeIgniter(Object(CodeIgniter\CodeIgniter))
 6 FCPATH/index.php(56): CodeIgniter\Boot::bootWeb(Object(Config\Paths))
WARNING - 2026-07-29 10:48:16 --> [DEPRECATED] Creation of dynamic property App\Controllers\Apps\Services\IKPAData::$uploader is deprecated in APPPATH/Controllers/Apps/Services/IKPAData.php on line 20.
 1 SYSTEMPATH/CodeIgniter.php(903): App\Controllers\Apps\Services\IKPAData->__construct()
 2 SYSTEMPATH/CodeIgniter.php(498): CodeIgniter\CodeIgniter->createController()
 3 SYSTEMPATH/CodeIgniter.php(354): CodeIgniter\CodeIgniter->handleRequest(null, Object(Config\Cache), false)
 4 SYSTEMPATH/Boot.php(334): CodeIgniter\CodeIgniter->run()
 5 SYSTEMPATH/Boot.php(67): CodeIgniter\Boot::runCodeIgniter(Object(CodeIgniter\CodeIgniter))
 6 FCPATH/index.php(56): CodeIgniter\Boot::bootWeb(Object(Config\Paths))
WARNING - 2026-07-29 10:48:16 --> [DEPRECATED] Creation of dynamic property App\Controllers\Apps\Services\IKPAData::$dataTables is deprecated in APPPATH/Controllers/Apps/Services/IKPAData.php on line 21.
 1 SYSTEMPATH/CodeIgniter.php(903): App\Controllers\Apps\Services\IKPAData->__construct()
 2 SYSTEMPATH/CodeIgniter.php(498): CodeIgniter\CodeIgniter->createController()
 3 SYSTEMPATH/CodeIgniter.php(354): CodeIgniter\CodeIgniter->handleRequest(null, Object(Config\Cache), false)
 4 SYSTEMPATH/Boot.php(334): CodeIgniter\CodeIgniter->run()
 5 SYSTEMPATH/Boot.php(67): CodeIgniter\Boot::runCodeIgniter(Object(CodeIgniter\CodeIgniter))
 6 FCPATH/index.php(56): CodeIgniter\Boot::bootWeb(Object(Config\Paths))
DEBUG - 2026-07-29 10:48:22 --> Session: Class initialized using 'CodeIgniter\Session\Handlers\FileHandler' driver.
WARNING - 2026-07-29 10:48:22 --> [DEPRECATED] Creation of dynamic property App\Controllers\Apps\Services\IKPAData::$ikpamodel is deprecated in APPPATH/Controllers/Apps/Services/IKPAData.php on line 18.
 1 SYSTEMPATH/CodeIgniter.php(903): App\Controllers\Apps\Services\IKPAData->__construct()
 2 SYSTEMPATH/CodeIgniter.php(498): CodeIgniter\CodeIgniter->createController()
 3 SYSTEMPATH/CodeIgniter.php(354): CodeIgniter\CodeIgniter->handleRequest(null, Object(Config\Cache), false)
 4 SYSTEMPATH/Boot.php(334): CodeIgniter\CodeIgniter->run()
 5 SYSTEMPATH/Boot.php(67): CodeIgniter\Boot::runCodeIgniter(Object(CodeIgniter\CodeIgniter))
 6 FCPATH/index.php(56): CodeIgniter\Boot::bootWeb(Object(Config\Paths))
WARNING - 2026-07-29 10:48:22 --> [DEPRECATED] Creation of dynamic property App\Controllers\Apps\Services\IKPAData::$apps is deprecated in APPPATH/Controllers/Apps/Services/IKPAData.php on line 19.
 1 SYSTEMPATH/CodeIgniter.php(903): App\Controllers\Apps\Services\IKPAData->__construct()
 2 SYSTEMPATH/CodeIgniter.php(498): CodeIgniter\CodeIgniter->createController()
 3 SYSTEMPATH/CodeIgniter.php(354): CodeIgniter\CodeIgniter->handleRequest(null, Object(Config\Cache), false)
 4 SYSTEMPATH/Boot.php(334): CodeIgniter\CodeIgniter->run()
 5 SYSTEMPATH/Boot.php(67): CodeIgniter\Boot::runCodeIgniter(Object(CodeIgniter\CodeIgniter))
 6 FCPATH/index.php(56): CodeIgniter\Boot::bootWeb(Object(Config\Paths))
WARNING - 2026-07-29 10:48:22 --> [DEPRECATED] Creation of dynamic property App\Controllers\Apps\Services\IKPAData::$uploader is deprecated in APPPATH/Controllers/Apps/Services/IKPAData.php on line 20.
 1 SYSTEMPATH/CodeIgniter.php(903): App\Controllers\Apps\Services\IKPAData->__construct()
 2 SYSTEMPATH/CodeIgniter.php(498): CodeIgniter\CodeIgniter->createController()
 3 SYSTEMPATH/CodeIgniter.php(354): CodeIgniter\CodeIgniter->handleRequest(null, Object(Config\Cache), false)
 4 SYSTEMPATH/Boot.php(334): CodeIgniter\CodeIgniter->run()
 5 SYSTEMPATH/Boot.php(67): CodeIgniter\Boot::runCodeIgniter(Object(CodeIgniter\CodeIgniter))
 6 FCPATH/index.php(56): CodeIgniter\Boot::bootWeb(Object(Config\Paths))
WARNING - 2026-07-29 10:48:23 --> [DEPRECATED] Creation of dynamic property App\Controllers\Apps\Services\IKPAData::$dataTables is deprecated in APPPATH/Controllers/Apps/Services/IKPAData.php on line 21.
 1 SYSTEMPATH/CodeIgniter.php(903): App\Controllers\Apps\Services\IKPAData->__construct()
 2 SYSTEMPATH/CodeIgniter.php(498): CodeIgniter\CodeIgniter->createController()
 3 SYSTEMPATH/CodeIgniter.php(354): CodeIgniter\CodeIgniter->handleRequest(null, Object(Config\Cache), false)
 4 SYSTEMPATH/Boot.php(334): CodeIgniter\CodeIgniter->run()
 5 SYSTEMPATH/Boot.php(67): CodeIgniter\Boot::runCodeIgniter(Object(CodeIgniter\CodeIgniter))
 6 FCPATH/index.php(56): CodeIgniter\Boot::bootWeb(Object(Config\Paths))
DEBUG - 2026-07-29 10:48:28 --> Session: Class initialized using 'CodeIgniter\Session\Handlers\FileHandler' driver.
WARNING - 2026-07-29 10:48:28 --> [DEPRECATED] Creation of dynamic property App\Controllers\Apps\Services\IKPAData::$ikpamodel is deprecated in APPPATH/Controllers/Apps/Services/IKPAData.php on line 18.
 1 SYSTEMPATH/CodeIgniter.php(903): App\Controllers\Apps\Services\IKPAData->__construct()
 2 SYSTEMPATH/CodeIgniter.php(498): CodeIgniter\CodeIgniter->createController()
 3 SYSTEMPATH/CodeIgniter.php(354): CodeIgniter\CodeIgniter->handleRequest(null, Object(Config\Cache), false)
 4 SYSTEMPATH/Boot.php(334): CodeIgniter\CodeIgniter->run()
 5 SYSTEMPATH/Boot.php(67): CodeIgniter\Boot::runCodeIgniter(Object(CodeIgniter\CodeIgniter))
 6 FCPATH/index.php(56): CodeIgniter\Boot::bootWeb(Object(Config\Paths))
WARNING - 2026-07-29 10:48:29 --> [DEPRECATED] Creation of dynamic property App\Controllers\Apps\Services\IKPAData::$apps is deprecated in APPPATH/Controllers/Apps/Services/IKPAData.php on line 19.
 1 SYSTEMPATH/CodeIgniter.php(903): App\Controllers\Apps\Services\IKPAData->__construct()
 2 SYSTEMPATH/CodeIgniter.php(498): CodeIgniter\CodeIgniter->createController()
 3 SYSTEMPATH/CodeIgniter.php(354): CodeIgniter\CodeIgniter->handleRequest(null, Object(Config\Cache), false)
 4 SYSTEMPATH/Boot.php(334): CodeIgniter\CodeIgniter->run()
 5 SYSTEMPATH/Boot.php(67): CodeIgniter\Boot::runCodeIgniter(Object(CodeIgniter\CodeIgniter))
 6 FCPATH/index.php(56): CodeIgniter\Boot::bootWeb(Object(Config\Paths))
WARNING - 2026-07-29 10:48:29 --> [DEPRECATED] Creation of dynamic property App\Controllers\Apps\Services\IKPAData::$uploader is deprecated in APPPATH/Controllers/Apps/Services/IKPAData.php on line 20.
 1 SYSTEMPATH/CodeIgniter.php(903): App\Controllers\Apps\Services\IKPAData->__construct()
 2 SYSTEMPATH/CodeIgniter.php(498): CodeIgniter\CodeIgniter->createController()
 3 SYSTEMPATH/CodeIgniter.php(354): CodeIgniter\CodeIgniter->handleRequest(null, Object(Config\Cache), false)
 4 SYSTEMPATH/Boot.php(334): CodeIgniter\CodeIgniter->run()
 5 SYSTEMPATH/Boot.php(67): CodeIgniter\Boot::runCodeIgniter(Object(CodeIgniter\CodeIgniter))
 6 FCPATH/index.php(56): CodeIgniter\Boot::bootWeb(Object(Config\Paths))
WARNING - 2026-07-29 10:48:29 --> [DEPRECATED] Creation of dynamic property App\Controllers\Apps\Services\IKPAData::$dataTables is deprecated in APPPATH/Controllers/Apps/Services/IKPAData.php on line 21.
 1 SYSTEMPATH/CodeIgniter.php(903): App\Controllers\Apps\Services\IKPAData->__construct()
 2 SYSTEMPATH/CodeIgniter.php(498): CodeIgniter\CodeIgniter->createController()
 3 SYSTEMPATH/CodeIgniter.php(354): CodeIgniter\CodeIgniter->handleRequest(null, Object(Config\Cache), false)
 4 SYSTEMPATH/Boot.php(334): CodeIgniter\CodeIgniter->run()
 5 SYSTEMPATH/Boot.php(67): CodeIgniter\Boot::runCodeIgniter(Object(CodeIgniter\CodeIgniter))
 6 FCPATH/index.php(56): CodeIgniter\Boot::bootWeb(Object(Config\Paths))
DEBUG - 2026-07-29 10:51:22 --> Session: Class initialized using 'CodeIgniter\Session\Handlers\FileHandler' driver.
WARNING - 2026-07-29 10:51:22 --> [DEPRECATED] Creation of dynamic property App\Controllers\Apps\Services\IKPAData::$ikpamodel is deprecated in APPPATH/Controllers/Apps/Services/IKPAData.php on line 18.
 1 SYSTEMPATH/CodeIgniter.php(903): App\Controllers\Apps\Services\IKPAData->__construct()
 2 SYSTEMPATH/CodeIgniter.php(498): CodeIgniter\CodeIgniter->createController()
 3 SYSTEMPATH/CodeIgniter.php(354): CodeIgniter\CodeIgniter->handleRequest(null, Object(Config\Cache), false)
 4 SYSTEMPATH/Boot.php(334): CodeIgniter\CodeIgniter->run()
 5 SYSTEMPATH/Boot.php(67): CodeIgniter\Boot::runCodeIgniter(Object(CodeIgniter\CodeIgniter))
 6 FCPATH/index.php(56): CodeIgniter\Boot::bootWeb(Object(Config\Paths))
WARNING - 2026-07-29 10:51:23 --> [DEPRECATED] Creation of dynamic property App\Controllers\Apps\Services\IKPAData::$apps is deprecated in APPPATH/Controllers/Apps/Services/IKPAData.php on line 19.
 1 SYSTEMPATH/CodeIgniter.php(903): App\Controllers\Apps\Services\IKPAData->__construct()
 2 SYSTEMPATH/CodeIgniter.php(498): CodeIgniter\CodeIgniter->createController()
 3 SYSTEMPATH/CodeIgniter.php(354): CodeIgniter\CodeIgniter->handleRequest(null, Object(Config\Cache), false)
 4 SYSTEMPATH/Boot.php(334): CodeIgniter\CodeIgniter->run()
 5 SYSTEMPATH/Boot.php(67): CodeIgniter\Boot::runCodeIgniter(Object(CodeIgniter\CodeIgniter))
 6 FCPATH/index.php(56): CodeIgniter\Boot::bootWeb(Object(Config\Paths))
WARNING - 2026-07-29 10:51:23 --> [DEPRECATED] Creation of dynamic property App\Controllers\Apps\Services\IKPAData::$uploader is deprecated in APPPATH/Controllers/Apps/Services/IKPAData.php on line 20.
 1 SYSTEMPATH/CodeIgniter.php(903): App\Controllers\Apps\Services\IKPAData->__construct()
 2 SYSTEMPATH/CodeIgniter.php(498): CodeIgniter\CodeIgniter->createController()
 3 SYSTEMPATH/CodeIgniter.php(354): CodeIgniter\CodeIgniter->handleRequest(null, Object(Config\Cache), false)
 4 SYSTEMPATH/Boot.php(334): CodeIgniter\CodeIgniter->run()
 5 SYSTEMPATH/Boot.php(67): CodeIgniter\Boot::runCodeIgniter(Object(CodeIgniter\CodeIgniter))
 6 FCPATH/index.php(56): CodeIgniter\Boot::bootWeb(Object(Config\Paths))
WARNING - 2026-07-29 10:51:23 --> [DEPRECATED] Creation of dynamic property App\Controllers\Apps\Services\IKPAData::$dataTables is deprecated in APPPATH/Controllers/Apps/Services/IKPAData.php on line 21.
 1 SYSTEMPATH/CodeIgniter.php(903): App\Controllers\Apps\Services\IKPAData->__construct()
 2 SYSTEMPATH/CodeIgniter.php(498): CodeIgniter\CodeIgniter->createController()
 3 SYSTEMPATH/CodeIgniter.php(354): CodeIgniter\CodeIgniter->handleRequest(null, Object(Config\Cache), false)
 4 SYSTEMPATH/Boot.php(334): CodeIgniter\CodeIgniter->run()
 5 SYSTEMPATH/Boot.php(67): CodeIgniter\Boot::runCodeIgniter(Object(CodeIgniter\CodeIgniter))
 6 FCPATH/index.php(56): CodeIgniter\Boot::bootWeb(Object(Config\Paths))
DEBUG - 2026-07-29 10:51:34 --> Session: Class initialized using 'CodeIgniter\Session\Handlers\FileHandler' driver.
WARNING - 2026-07-29 10:51:35 --> [DEPRECATED] Creation of dynamic property App\Controllers\Apps\Services\IKPAData::$ikpamodel is deprecated in APPPATH/Controllers/Apps/Services/IKPAData.php on line 18.
 1 SYSTEMPATH/CodeIgniter.php(903): App\Controllers\Apps\Services\IKPAData->__construct()
 2 SYSTEMPATH/CodeIgniter.php(498): CodeIgniter\CodeIgniter->createController()
 3 SYSTEMPATH/CodeIgniter.php(354): CodeIgniter\CodeIgniter->handleRequest(null, Object(Config\Cache), false)
 4 SYSTEMPATH/Boot.php(334): CodeIgniter\CodeIgniter->run()
 5 SYSTEMPATH/Boot.php(67): CodeIgniter\Boot::runCodeIgniter(Object(CodeIgniter\CodeIgniter))
 6 FCPATH/index.php(56): CodeIgniter\Boot::bootWeb(Object(Config\Paths))
WARNING - 2026-07-29 10:51:35 --> [DEPRECATED] Creation of dynamic property App\Controllers\Apps\Services\IKPAData::$apps is deprecated in APPPATH/Controllers/Apps/Services/IKPAData.php on line 19.
 1 SYSTEMPATH/CodeIgniter.php(903): App\Controllers\Apps\Services\IKPAData->__construct()
 2 SYSTEMPATH/CodeIgniter.php(498): CodeIgniter\CodeIgniter->createController()
 3 SYSTEMPATH/CodeIgniter.php(354): CodeIgniter\CodeIgniter->handleRequest(null, Object(Config\Cache), false)
 4 SYSTEMPATH/Boot.php(334): CodeIgniter\CodeIgniter->run()
 5 SYSTEMPATH/Boot.php(67): CodeIgniter\Boot::runCodeIgniter(Object(CodeIgniter\CodeIgniter))
 6 FCPATH/index.php(56): CodeIgniter\Boot::bootWeb(Object(Config\Paths))
WARNING - 2026-07-29 10:51:35 --> [DEPRECATED] Creation of dynamic property App\Controllers\Apps\Services\IKPAData::$uploader is deprecated in APPPATH/Controllers/Apps/Services/IKPAData.php on line 20.
 1 SYSTEMPATH/CodeIgniter.php(903): App\Controllers\Apps\Services\IKPAData->__construct()
 2 SYSTEMPATH/CodeIgniter.php(498): CodeIgniter\CodeIgniter->createController()
 3 SYSTEMPATH/CodeIgniter.php(354): CodeIgniter\CodeIgniter->handleRequest(null, Object(Config\Cache), false)
 4 SYSTEMPATH/Boot.php(334): CodeIgniter\CodeIgniter->run()
 5 SYSTEMPATH/Boot.php(67): CodeIgniter\Boot::runCodeIgniter(Object(CodeIgniter\CodeIgniter))
 6 FCPATH/index.php(56): CodeIgniter\Boot::bootWeb(Object(Config\Paths))
WARNING - 2026-07-29 10:51:35 --> [DEPRECATED] Creation of dynamic property App\Controllers\Apps\Services\IKPAData::$dataTables is deprecated in APPPATH/Controllers/Apps/Services/IKPAData.php on line 21.
 1 SYSTEMPATH/CodeIgniter.php(903): App\Controllers\Apps\Services\IKPAData->__construct()
 2 SYSTEMPATH/CodeIgniter.php(498): CodeIgniter\CodeIgniter->createController()
 3 SYSTEMPATH/CodeIgniter.php(354): CodeIgniter\CodeIgniter->handleRequest(null, Object(Config\Cache), false)
 4 SYSTEMPATH/Boot.php(334): CodeIgniter\CodeIgniter->run()
 5 SYSTEMPATH/Boot.php(67): CodeIgniter\Boot::runCodeIgniter(Object(CodeIgniter\CodeIgniter))
 6 FCPATH/index.php(56): CodeIgniter\Boot::bootWeb(Object(Config\Paths))
DEBUG - 2026-07-29 10:51:40 --> Session: Class initialized using 'CodeIgniter\Session\Handlers\FileHandler' driver.
WARNING - 2026-07-29 10:51:40 --> [DEPRECATED] Creation of dynamic property App\Controllers\Apps\Services\IKPAData::$ikpamodel is deprecated in APPPATH/Controllers/Apps/Services/IKPAData.php on line 18.
 1 SYSTEMPATH/CodeIgniter.php(903): App\Controllers\Apps\Services\IKPAData->__construct()
 2 SYSTEMPATH/CodeIgniter.php(498): CodeIgniter\CodeIgniter->createController()
 3 SYSTEMPATH/CodeIgniter.php(354): CodeIgniter\CodeIgniter->handleRequest(null, Object(Config\Cache), false)
 4 SYSTEMPATH/Boot.php(334): CodeIgniter\CodeIgniter->run()
 5 SYSTEMPATH/Boot.php(67): CodeIgniter\Boot::runCodeIgniter(Object(CodeIgniter\CodeIgniter))
 6 FCPATH/index.php(56): CodeIgniter\Boot::bootWeb(Object(Config\Paths))
WARNING - 2026-07-29 10:51:40 --> [DEPRECATED] Creation of dynamic property App\Controllers\Apps\Services\IKPAData::$apps is deprecated in APPPATH/Controllers/Apps/Services/IKPAData.php on line 19.
 1 SYSTEMPATH/CodeIgniter.php(903): App\Controllers\Apps\Services\IKPAData->__construct()
 2 SYSTEMPATH/CodeIgniter.php(498): CodeIgniter\CodeIgniter->createController()
 3 SYSTEMPATH/CodeIgniter.php(354): CodeIgniter\CodeIgniter->handleRequest(null, Object(Config\Cache), false)
 4 SYSTEMPATH/Boot.php(334): CodeIgniter\CodeIgniter->run()
 5 SYSTEMPATH/Boot.php(67): CodeIgniter\Boot::runCodeIgniter(Object(CodeIgniter\CodeIgniter))
 6 FCPATH/index.php(56): CodeIgniter\Boot::bootWeb(Object(Config\Paths))
WARNING - 2026-07-29 10:51:40 --> [DEPRECATED] Creation of dynamic property App\Controllers\Apps\Services\IKPAData::$uploader is deprecated in APPPATH/Controllers/Apps/Services/IKPAData.php on line 20.
 1 SYSTEMPATH/CodeIgniter.php(903): App\Controllers\Apps\Services\IKPAData->__construct()
 2 SYSTEMPATH/CodeIgniter.php(498): CodeIgniter\CodeIgniter->createController()
 3 SYSTEMPATH/CodeIgniter.php(354): CodeIgniter\CodeIgniter->handleRequest(null, Object(Config\Cache), false)
 4 SYSTEMPATH/Boot.php(334): CodeIgniter\CodeIgniter->run()
 5 SYSTEMPATH/Boot.php(67): CodeIgniter\Boot::runCodeIgniter(Object(CodeIgniter\CodeIgniter))
 6 FCPATH/index.php(56): CodeIgniter\Boot::bootWeb(Object(Config\Paths))
WARNING - 2026-07-29 10:51:40 --> [DEPRECATED] Creation of dynamic property App\Controllers\Apps\Services\IKPAData::$dataTables is deprecated in APPPATH/Controllers/Apps/Services/IKPAData.php on line 21.
 1 SYSTEMPATH/CodeIgniter.php(903): App\Controllers\Apps\Services\IKPAData->__construct()
 2 SYSTEMPATH/CodeIgniter.php(498): CodeIgniter\CodeIgniter->createController()
 3 SYSTEMPATH/CodeIgniter.php(354): CodeIgniter\CodeIgniter->handleRequest(null, Object(Config\Cache), false)
 4 SYSTEMPATH/Boot.php(334): CodeIgniter\CodeIgniter->run()
 5 SYSTEMPATH/Boot.php(67): CodeIgniter\Boot::runCodeIgniter(Object(CodeIgniter\CodeIgniter))
 6 FCPATH/index.php(56): CodeIgniter\Boot::bootWeb(Object(Config\Paths))
DEBUG - 2026-07-29 10:57:32 --> Session: Class initialized using 'CodeIgniter\Session\Handlers\FileHandler' driver.
WARNING - 2026-07-29 10:57:33 --> [DEPRECATED] Creation of dynamic property App\Controllers\Apps\AppsController::$apps is deprecated in APPPATH/Controllers/Apps/AppsController.php on line 14.
 1 SYSTEMPATH/CodeIgniter.php(903): App\Controllers\Apps\AppsController->__construct()
 2 SYSTEMPATH/CodeIgniter.php(498): CodeIgniter\CodeIgniter->createController()
 3 SYSTEMPATH/CodeIgniter.php(354): CodeIgniter\CodeIgniter->handleRequest(null, Object(Config\Cache), false)
 4 SYSTEMPATH/Boot.php(334): CodeIgniter\CodeIgniter->run()
 5 SYSTEMPATH/Boot.php(67): CodeIgniter\Boot::runCodeIgniter(Object(CodeIgniter\CodeIgniter))
 6 FCPATH/index.php(56): CodeIgniter\Boot::bootWeb(Object(Config\Paths))
DEBUG - 2026-07-29 10:57:40 --> Session: Class initialized using 'CodeIgniter\Session\Handlers\FileHandler' driver.
WARNING - 2026-07-29 10:57:41 --> [DEPRECATED] Creation of dynamic property App\Controllers\Apps\FetchData::$apps is deprecated in APPPATH/Controllers/Apps/FetchData.php on line 21.
 1 SYSTEMPATH/CodeIgniter.php(903): App\Controllers\Apps\FetchData->__construct()
 2 SYSTEMPATH/CodeIgniter.php(498): CodeIgniter\CodeIgniter->createController()
 3 SYSTEMPATH/CodeIgniter.php(354): CodeIgniter\CodeIgniter->handleRequest(null, Object(Config\Cache), false)
 4 SYSTEMPATH/Boot.php(334): CodeIgniter\CodeIgniter->run()
 5 SYSTEMPATH/Boot.php(67): CodeIgniter\Boot::runCodeIgniter(Object(CodeIgniter\CodeIgniter))
 6 FCPATH/index.php(56): CodeIgniter\Boot::bootWeb(Object(Config\Paths))
DEBUG - 2026-07-29 10:58:41 --> Session: Class initialized using 'CodeIgniter\Session\Handlers\FileHandler' driver.
WARNING - 2026-07-29 10:58:42 --> [DEPRECATED] Creation of dynamic property App\Controllers\Apps\AppsController::$apps is deprecated in APPPATH/Controllers/Apps/AppsController.php on line 14.
 1 SYSTEMPATH/CodeIgniter.php(903): App\Controllers\Apps\AppsController->__construct()
 2 SYSTEMPATH/CodeIgniter.php(498): CodeIgniter\CodeIgniter->createController()
 3 SYSTEMPATH/CodeIgniter.php(354): CodeIgniter\CodeIgniter->handleRequest(null, Object(Config\Cache), false)
 4 SYSTEMPATH/Boot.php(334): CodeIgniter\CodeIgniter->run()
 5 SYSTEMPATH/Boot.php(67): CodeIgniter\Boot::runCodeIgniter(Object(CodeIgniter\CodeIgniter))
 6 FCPATH/index.php(56): CodeIgniter\Boot::bootWeb(Object(Config\Paths))
DEBUG - 2026-07-29 10:58:47 --> Session: Class initialized using 'CodeIgniter\Session\Handlers\FileHandler' driver.
WARNING - 2026-07-29 10:58:48 --> [DEPRECATED] Creation of dynamic property App\Controllers\Apps\FetchData::$apps is deprecated in APPPATH/Controllers/Apps/FetchData.php on line 21.
 1 SYSTEMPATH/CodeIgniter.php(903): App\Controllers\Apps\FetchData->__construct()
 2 SYSTEMPATH/CodeIgniter.php(498): CodeIgniter\CodeIgniter->createController()
 3 SYSTEMPATH/CodeIgniter.php(354): CodeIgniter\CodeIgniter->handleRequest(null, Object(Config\Cache), false)
 4 SYSTEMPATH/Boot.php(334): CodeIgniter\CodeIgniter->run()
 5 SYSTEMPATH/Boot.php(67): CodeIgniter\Boot::runCodeIgniter(Object(CodeIgniter\CodeIgniter))
 6 FCPATH/index.php(56): CodeIgniter\Boot::bootWeb(Object(Config\Paths))
DEBUG - 2026-07-29 10:59:28 --> Session: Class initialized using 'CodeIgniter\Session\Handlers\FileHandler' driver.
WARNING - 2026-07-29 10:59:29 --> [DEPRECATED] Creation of dynamic property App\Controllers\Apps\Services\DMSData::$dmsmodel is deprecated in APPPATH/Controllers/Apps/Services/DMSData.php on line 18.
 1 SYSTEMPATH/CodeIgniter.php(903): App\Controllers\Apps\Services\DMSData->__construct()
 2 SYSTEMPATH/CodeIgniter.php(498): CodeIgniter\CodeIgniter->createController()
 3 SYSTEMPATH/CodeIgniter.php(354): CodeIgniter\CodeIgniter->handleRequest(null, Object(Config\Cache), false)
 4 SYSTEMPATH/Boot.php(334): CodeIgniter\CodeIgniter->run()
 5 SYSTEMPATH/Boot.php(67): CodeIgniter\Boot::runCodeIgniter(Object(CodeIgniter\CodeIgniter))
 6 FCPATH/index.php(56): CodeIgniter\Boot::bootWeb(Object(Config\Paths))
WARNING - 2026-07-29 10:59:29 --> [DEPRECATED] Creation of dynamic property App\Controllers\Apps\Services\DMSData::$apps is deprecated in APPPATH/Controllers/Apps/Services/DMSData.php on line 19.
 1 SYSTEMPATH/CodeIgniter.php(903): App\Controllers\Apps\Services\DMSData->__construct()
 2 SYSTEMPATH/CodeIgniter.php(498): CodeIgniter\CodeIgniter->createController()
 3 SYSTEMPATH/CodeIgniter.php(354): CodeIgniter\CodeIgniter->handleRequest(null, Object(Config\Cache), false)
 4 SYSTEMPATH/Boot.php(334): CodeIgniter\CodeIgniter->run()
 5 SYSTEMPATH/Boot.php(67): CodeIgniter\Boot::runCodeIgniter(Object(CodeIgniter\CodeIgniter))
 6 FCPATH/index.php(56): CodeIgniter\Boot::bootWeb(Object(Config\Paths))
WARNING - 2026-07-29 10:59:29 --> [DEPRECATED] Creation of dynamic property App\Controllers\Apps\Services\DMSData::$uploader is deprecated in APPPATH/Controllers/Apps/Services/DMSData.php on line 20.
 1 SYSTEMPATH/CodeIgniter.php(903): App\Controllers\Apps\Services\DMSData->__construct()
 2 SYSTEMPATH/CodeIgniter.php(498): CodeIgniter\CodeIgniter->createController()
 3 SYSTEMPATH/CodeIgniter.php(354): CodeIgniter\CodeIgniter->handleRequest(null, Object(Config\Cache), false)
 4 SYSTEMPATH/Boot.php(334): CodeIgniter\CodeIgniter->run()
 5 SYSTEMPATH/Boot.php(67): CodeIgniter\Boot::runCodeIgniter(Object(CodeIgniter\CodeIgniter))
 6 FCPATH/index.php(56): CodeIgniter\Boot::bootWeb(Object(Config\Paths))
WARNING - 2026-07-29 10:59:29 --> [DEPRECATED] Creation of dynamic property App\Controllers\Apps\Services\DMSData::$dataTables is deprecated in APPPATH/Controllers/Apps/Services/DMSData.php on line 21.
 1 SYSTEMPATH/CodeIgniter.php(903): App\Controllers\Apps\Services\DMSData->__construct()
 2 SYSTEMPATH/CodeIgniter.php(498): CodeIgniter\CodeIgniter->createController()
 3 SYSTEMPATH/CodeIgniter.php(354): CodeIgniter\CodeIgniter->handleRequest(null, Object(Config\Cache), false)
 4 SYSTEMPATH/Boot.php(334): CodeIgniter\CodeIgniter->run()
 5 SYSTEMPATH/Boot.php(67): CodeIgniter\Boot::runCodeIgniter(Object(CodeIgniter\CodeIgniter))
 6 FCPATH/index.php(56): CodeIgniter\Boot::bootWeb(Object(Config\Paths))
DEBUG - 2026-07-29 10:59:35 --> Session: Class initialized using 'CodeIgniter\Session\Handlers\FileHandler' driver.
WARNING - 2026-07-29 10:59:36 --> [DEPRECATED] Creation of dynamic property App\Controllers\Apps\Services\DMSData::$dmsmodel is deprecated in APPPATH/Controllers/Apps/Services/DMSData.php on line 18.
 1 SYSTEMPATH/CodeIgniter.php(903): App\Controllers\Apps\Services\DMSData->__construct()
 2 SYSTEMPATH/CodeIgniter.php(498): CodeIgniter\CodeIgniter->createController()
 3 SYSTEMPATH/CodeIgniter.php(354): CodeIgniter\CodeIgniter->handleRequest(null, Object(Config\Cache), false)
 4 SYSTEMPATH/Boot.php(334): CodeIgniter\CodeIgniter->run()
 5 SYSTEMPATH/Boot.php(67): CodeIgniter\Boot::runCodeIgniter(Object(CodeIgniter\CodeIgniter))
 6 FCPATH/index.php(56): CodeIgniter\Boot::bootWeb(Object(Config\Paths))
WARNING - 2026-07-29 10:59:36 --> [DEPRECATED] Creation of dynamic property App\Controllers\Apps\Services\DMSData::$apps is deprecated in APPPATH/Controllers/Apps/Services/DMSData.php on line 19.
 1 SYSTEMPATH/CodeIgniter.php(903): App\Controllers\Apps\Services\DMSData->__construct()
 2 SYSTEMPATH/CodeIgniter.php(498): CodeIgniter\CodeIgniter->createController()
 3 SYSTEMPATH/CodeIgniter.php(354): CodeIgniter\CodeIgniter->handleRequest(null, Object(Config\Cache), false)
 4 SYSTEMPATH/Boot.php(334): CodeIgniter\CodeIgniter->run()
 5 SYSTEMPATH/Boot.php(67): CodeIgniter\Boot::runCodeIgniter(Object(CodeIgniter\CodeIgniter))
 6 FCPATH/index.php(56): CodeIgniter\Boot::bootWeb(Object(Config\Paths))
WARNING - 2026-07-29 10:59:36 --> [DEPRECATED] Creation of dynamic property App\Controllers\Apps\Services\DMSData::$uploader is deprecated in APPPATH/Controllers/Apps/Services/DMSData.php on line 20.
 1 SYSTEMPATH/CodeIgniter.php(903): App\Controllers\Apps\Services\DMSData->__construct()
 2 SYSTEMPATH/CodeIgniter.php(498): CodeIgniter\CodeIgniter->createController()
 3 SYSTEMPATH/CodeIgniter.php(354): CodeIgniter\CodeIgniter->handleRequest(null, Object(Config\Cache), false)
 4 SYSTEMPATH/Boot.php(334): CodeIgniter\CodeIgniter->run()
 5 SYSTEMPATH/Boot.php(67): CodeIgniter\Boot::runCodeIgniter(Object(CodeIgniter\CodeIgniter))
 6 FCPATH/index.php(56): CodeIgniter\Boot::bootWeb(Object(Config\Paths))
WARNING - 2026-07-29 10:59:36 --> [DEPRECATED] Creation of dynamic property App\Controllers\Apps\Services\DMSData::$dataTables is deprecated in APPPATH/Controllers/Apps/Services/DMSData.php on line 21.
 1 SYSTEMPATH/CodeIgniter.php(903): App\Controllers\Apps\Services\DMSData->__construct()
 2 SYSTEMPATH/CodeIgniter.php(498): CodeIgniter\CodeIgniter->createController()
 3 SYSTEMPATH/CodeIgniter.php(354): CodeIgniter\CodeIgniter->handleRequest(null, Object(Config\Cache), false)
 4 SYSTEMPATH/Boot.php(334): CodeIgniter\CodeIgniter->run()
 5 SYSTEMPATH/Boot.php(67): CodeIgniter\Boot::runCodeIgniter(Object(CodeIgniter\CodeIgniter))
 6 FCPATH/index.php(56): CodeIgniter\Boot::bootWeb(Object(Config\Paths))
DEBUG - 2026-07-29 10:59:40 --> Session: Class initialized using 'CodeIgniter\Session\Handlers\FileHandler' driver.
WARNING - 2026-07-29 10:59:41 --> [DEPRECATED] Creation of dynamic property App\Controllers\Apps\Services\DMSData::$dmsmodel is deprecated in APPPATH/Controllers/Apps/Services/DMSData.php on line 18.
 1 SYSTEMPATH/CodeIgniter.php(903): App\Controllers\Apps\Services\DMSData->__construct()
 2 SYSTEMPATH/CodeIgniter.php(498): CodeIgniter\CodeIgniter->createController()
 3 SYSTEMPATH/CodeIgniter.php(354): CodeIgniter\CodeIgniter->handleRequest(null, Object(Config\Cache), false)
 4 SYSTEMPATH/Boot.php(334): CodeIgniter\CodeIgniter->run()
 5 SYSTEMPATH/Boot.php(67): CodeIgniter\Boot::runCodeIgniter(Object(CodeIgniter\CodeIgniter))
 6 FCPATH/index.php(56): CodeIgniter\Boot::bootWeb(Object(Config\Paths))
WARNING - 2026-07-29 10:59:41 --> [DEPRECATED] Creation of dynamic property App\Controllers\Apps\Services\DMSData::$apps is deprecated in APPPATH/Controllers/Apps/Services/DMSData.php on line 19.
 1 SYSTEMPATH/CodeIgniter.php(903): App\Controllers\Apps\Services\DMSData->__construct()
 2 SYSTEMPATH/CodeIgniter.php(498): CodeIgniter\CodeIgniter->createController()
 3 SYSTEMPATH/CodeIgniter.php(354): CodeIgniter\CodeIgniter->handleRequest(null, Object(Config\Cache), false)
 4 SYSTEMPATH/Boot.php(334): CodeIgniter\CodeIgniter->run()
 5 SYSTEMPATH/Boot.php(67): CodeIgniter\Boot::runCodeIgniter(Object(CodeIgniter\CodeIgniter))
 6 FCPATH/index.php(56): CodeIgniter\Boot::bootWeb(Object(Config\Paths))
WARNING - 2026-07-29 10:59:41 --> [DEPRECATED] Creation of dynamic property App\Controllers\Apps\Services\DMSData::$uploader is deprecated in APPPATH/Controllers/Apps/Services/DMSData.php on line 20.
 1 SYSTEMPATH/CodeIgniter.php(903): App\Controllers\Apps\Services\DMSData->__construct()
 2 SYSTEMPATH/CodeIgniter.php(498): CodeIgniter\CodeIgniter->createController()
 3 SYSTEMPATH/CodeIgniter.php(354): CodeIgniter\CodeIgniter->handleRequest(null, Object(Config\Cache), false)
 4 SYSTEMPATH/Boot.php(334): CodeIgniter\CodeIgniter->run()
 5 SYSTEMPATH/Boot.php(67): CodeIgniter\Boot::runCodeIgniter(Object(CodeIgniter\CodeIgniter))
 6 FCPATH/index.php(56): CodeIgniter\Boot::bootWeb(Object(Config\Paths))
WARNING - 2026-07-29 10:59:41 --> [DEPRECATED] Creation of dynamic property App\Controllers\Apps\Services\DMSData::$dataTables is deprecated in APPPATH/Controllers/Apps/Services/DMSData.php on line 21.
 1 SYSTEMPATH/CodeIgniter.php(903): App\Controllers\Apps\Services\DMSData->__construct()
 2 SYSTEMPATH/CodeIgniter.php(498): CodeIgniter\CodeIgniter->createController()
 3 SYSTEMPATH/CodeIgniter.php(354): CodeIgniter\CodeIgniter->handleRequest(null, Object(Config\Cache), false)
 4 SYSTEMPATH/Boot.php(334): CodeIgniter\CodeIgniter->run()
 5 SYSTEMPATH/Boot.php(67): CodeIgniter\Boot::runCodeIgniter(Object(CodeIgniter\CodeIgniter))
 6 FCPATH/index.php(56): CodeIgniter\Boot::bootWeb(Object(Config\Paths))
DEBUG - 2026-07-29 10:59:41 --> Session: Class initialized using 'CodeIgniter\Session\Handlers\FileHandler' driver.
WARNING - 2026-07-29 10:59:42 --> [DEPRECATED] Creation of dynamic property App\Controllers\Apps\Services\DMSData::$dmsmodel is deprecated in APPPATH/Controllers/Apps/Services/DMSData.php on line 18.
 1 SYSTEMPATH/CodeIgniter.php(903): App\Controllers\Apps\Services\DMSData->__construct()
 2 SYSTEMPATH/CodeIgniter.php(498): CodeIgniter\CodeIgniter->createController()
 3 SYSTEMPATH/CodeIgniter.php(354): CodeIgniter\CodeIgniter->handleRequest(null, Object(Config\Cache), false)
 4 SYSTEMPATH/Boot.php(334): CodeIgniter\CodeIgniter->run()
 5 SYSTEMPATH/Boot.php(67): CodeIgniter\Boot::runCodeIgniter(Object(CodeIgniter\CodeIgniter))
 6 FCPATH/index.php(56): CodeIgniter\Boot::bootWeb(Object(Config\Paths))
WARNING - 2026-07-29 10:59:42 --> [DEPRECATED] Creation of dynamic property App\Controllers\Apps\Services\DMSData::$apps is deprecated in APPPATH/Controllers/Apps/Services/DMSData.php on line 19.
 1 SYSTEMPATH/CodeIgniter.php(903): App\Controllers\Apps\Services\DMSData->__construct()
 2 SYSTEMPATH/CodeIgniter.php(498): CodeIgniter\CodeIgniter->createController()
 3 SYSTEMPATH/CodeIgniter.php(354): CodeIgniter\CodeIgniter->handleRequest(null, Object(Config\Cache), false)
 4 SYSTEMPATH/Boot.php(334): CodeIgniter\CodeIgniter->run()
 5 SYSTEMPATH/Boot.php(67): CodeIgniter\Boot::runCodeIgniter(Object(CodeIgniter\CodeIgniter))
 6 FCPATH/index.php(56): CodeIgniter\Boot::bootWeb(Object(Config\Paths))
WARNING - 2026-07-29 10:59:42 --> [DEPRECATED] Creation of dynamic property App\Controllers\Apps\Services\DMSData::$uploader is deprecated in APPPATH/Controllers/Apps/Services/DMSData.php on line 20.
 1 SYSTEMPATH/CodeIgniter.php(903): App\Controllers\Apps\Services\DMSData->__construct()
 2 SYSTEMPATH/CodeIgniter.php(498): CodeIgniter\CodeIgniter->createController()
 3 SYSTEMPATH/CodeIgniter.php(354): CodeIgniter\CodeIgniter->handleRequest(null, Object(Config\Cache), false)
 4 SYSTEMPATH/Boot.php(334): CodeIgniter\CodeIgniter->run()
 5 SYSTEMPATH/Boot.php(67): CodeIgniter\Boot::runCodeIgniter(Object(CodeIgniter\CodeIgniter))
 6 FCPATH/index.php(56): CodeIgniter\Boot::bootWeb(Object(Config\Paths))
WARNING - 2026-07-29 10:59:42 --> [DEPRECATED] Creation of dynamic property App\Controllers\Apps\Services\DMSData::$dataTables is deprecated in APPPATH/Controllers/Apps/Services/DMSData.php on line 21.
 1 SYSTEMPATH/CodeIgniter.php(903): App\Controllers\Apps\Services\DMSData->__construct()
 2 SYSTEMPATH/CodeIgniter.php(498): CodeIgniter\CodeIgniter->createController()
 3 SYSTEMPATH/CodeIgniter.php(354): CodeIgniter\CodeIgniter->handleRequest(null, Object(Config\Cache), false)
 4 SYSTEMPATH/Boot.php(334): CodeIgniter\CodeIgniter->run()
 5 SYSTEMPATH/Boot.php(67): CodeIgniter\Boot::runCodeIgniter(Object(CodeIgniter\CodeIgniter))
 6 FCPATH/index.php(56): CodeIgniter\Boot::bootWeb(Object(Config\Paths))
DEBUG - 2026-07-29 11:00:09 --> Session: Class initialized using 'CodeIgniter\Session\Handlers\FileHandler' driver.
WARNING - 2026-07-29 11:00:10 --> [DEPRECATED] Creation of dynamic property App\Controllers\Apps\AppsController::$apps is deprecated in APPPATH/Controllers/Apps/AppsController.php on line 14.
 1 SYSTEMPATH/CodeIgniter.php(903): App\Controllers\Apps\AppsController->__construct()
 2 SYSTEMPATH/CodeIgniter.php(498): CodeIgniter\CodeIgniter->createController()
 3 SYSTEMPATH/CodeIgniter.php(354): CodeIgniter\CodeIgniter->handleRequest(null, Object(Config\Cache), false)
 4 SYSTEMPATH/Boot.php(334): CodeIgniter\CodeIgniter->run()
 5 SYSTEMPATH/Boot.php(67): CodeIgniter\Boot::runCodeIgniter(Object(CodeIgniter\CodeIgniter))
 6 FCPATH/index.php(56): CodeIgniter\Boot::bootWeb(Object(Config\Paths))
DEBUG - 2026-07-29 11:00:16 --> Session: Class initialized using 'CodeIgniter\Session\Handlers\FileHandler' driver.
WARNING - 2026-07-29 11:00:16 --> [DEPRECATED] Creation of dynamic property App\Controllers\Apps\FetchData::$apps is deprecated in APPPATH/Controllers/Apps/FetchData.php on line 21.
 1 SYSTEMPATH/CodeIgniter.php(903): App\Controllers\Apps\FetchData->__construct()
 2 SYSTEMPATH/CodeIgniter.php(498): CodeIgniter\CodeIgniter->createController()
 3 SYSTEMPATH/CodeIgniter.php(354): CodeIgniter\CodeIgniter->handleRequest(null, Object(Config\Cache), false)
 4 SYSTEMPATH/Boot.php(334): CodeIgniter\CodeIgniter->run()
 5 SYSTEMPATH/Boot.php(67): CodeIgniter\Boot::runCodeIgniter(Object(CodeIgniter\CodeIgniter))
 6 FCPATH/index.php(56): CodeIgniter\Boot::bootWeb(Object(Config\Paths))
DEBUG - 2026-07-29 11:00:26 --> Session: Class initialized using 'CodeIgniter\Session\Handlers\FileHandler' driver.
DEBUG - 2026-07-29 11:00:33 --> Session: Class initialized using 'CodeIgniter\Session\Handlers\FileHandler' driver.
DEBUG - 2026-07-29 11:00:36 --> Session: Class initialized using 'CodeIgniter\Session\Handlers\FileHandler' driver.
DEBUG - 2026-07-29 11:00:36 --> Session: Class initialized using 'CodeIgniter\Session\Handlers\FileHandler' driver.
DEBUG - 2026-07-29 11:02:17 --> Session: Class initialized using 'CodeIgniter\Session\Handlers\FileHandler' driver.
WARNING - 2026-07-29 11:02:18 --> [DEPRECATED] Creation of dynamic property App\Controllers\Apps\Services\IKPAData::$ikpamodel is deprecated in APPPATH/Controllers/Apps/Services/IKPAData.php on line 18.
 1 SYSTEMPATH/CodeIgniter.php(903): App\Controllers\Apps\Services\IKPAData->__construct()
 2 SYSTEMPATH/CodeIgniter.php(498): CodeIgniter\CodeIgniter->createController()
 3 SYSTEMPATH/CodeIgniter.php(354): CodeIgniter\CodeIgniter->handleRequest(null, Object(Config\Cache), false)
 4 SYSTEMPATH/Boot.php(334): CodeIgniter\CodeIgniter->run()
 5 SYSTEMPATH/Boot.php(67): CodeIgniter\Boot::runCodeIgniter(Object(CodeIgniter\CodeIgniter))
 6 FCPATH/index.php(56): CodeIgniter\Boot::bootWeb(Object(Config\Paths))
WARNING - 2026-07-29 11:02:18 --> [DEPRECATED] Creation of dynamic property App\Controllers\Apps\Services\IKPAData::$apps is deprecated in APPPATH/Controllers/Apps/Services/IKPAData.php on line 19.
 1 SYSTEMPATH/CodeIgniter.php(903): App\Controllers\Apps\Services\IKPAData->__construct()
 2 SYSTEMPATH/CodeIgniter.php(498): CodeIgniter\CodeIgniter->createController()
 3 SYSTEMPATH/CodeIgniter.php(354): CodeIgniter\CodeIgniter->handleRequest(null, Object(Config\Cache), false)
 4 SYSTEMPATH/Boot.php(334): CodeIgniter\CodeIgniter->run()
 5 SYSTEMPATH/Boot.php(67): CodeIgniter\Boot::runCodeIgniter(Object(CodeIgniter\CodeIgniter))
 6 FCPATH/index.php(56): CodeIgniter\Boot::bootWeb(Object(Config\Paths))
WARNING - 2026-07-29 11:02:18 --> [DEPRECATED] Creation of dynamic property App\Controllers\Apps\Services\IKPAData::$uploader is deprecated in APPPATH/Controllers/Apps/Services/IKPAData.php on line 20.
 1 SYSTEMPATH/CodeIgniter.php(903): App\Controllers\Apps\Services\IKPAData->__construct()
 2 SYSTEMPATH/CodeIgniter.php(498): CodeIgniter\CodeIgniter->createController()
 3 SYSTEMPATH/CodeIgniter.php(354): CodeIgniter\CodeIgniter->handleRequest(null, Object(Config\Cache), false)
 4 SYSTEMPATH/Boot.php(334): CodeIgniter\CodeIgniter->run()
 5 SYSTEMPATH/Boot.php(67): CodeIgniter\Boot::runCodeIgniter(Object(CodeIgniter\CodeIgniter))
 6 FCPATH/index.php(56): CodeIgniter\Boot::bootWeb(Object(Config\Paths))
WARNING - 2026-07-29 11:02:18 --> [DEPRECATED] Creation of dynamic property App\Controllers\Apps\Services\IKPAData::$dataTables is deprecated in APPPATH/Controllers/Apps/Services/IKPAData.php on line 21.
 1 SYSTEMPATH/CodeIgniter.php(903): App\Controllers\Apps\Services\IKPAData->__construct()
 2 SYSTEMPATH/CodeIgniter.php(498): CodeIgniter\CodeIgniter->createController()
 3 SYSTEMPATH/CodeIgniter.php(354): CodeIgniter\CodeIgniter->handleRequest(null, Object(Config\Cache), false)
 4 SYSTEMPATH/Boot.php(334): CodeIgniter\CodeIgniter->run()
 5 SYSTEMPATH/Boot.php(67): CodeIgniter\Boot::runCodeIgniter(Object(CodeIgniter\CodeIgniter))
 6 FCPATH/index.php(56): CodeIgniter\Boot::bootWeb(Object(Config\Paths))
DEBUG - 2026-07-29 11:02:26 --> Session: Class initialized using 'CodeIgniter\Session\Handlers\FileHandler' driver.
WARNING - 2026-07-29 11:02:27 --> [DEPRECATED] Creation of dynamic property App\Controllers\Apps\Services\IKPAData::$ikpamodel is deprecated in APPPATH/Controllers/Apps/Services/IKPAData.php on line 18.
 1 SYSTEMPATH/CodeIgniter.php(903): App\Controllers\Apps\Services\IKPAData->__construct()
 2 SYSTEMPATH/CodeIgniter.php(498): CodeIgniter\CodeIgniter->createController()
 3 SYSTEMPATH/CodeIgniter.php(354): CodeIgniter\CodeIgniter->handleRequest(null, Object(Config\Cache), false)
 4 SYSTEMPATH/Boot.php(334): CodeIgniter\CodeIgniter->run()
 5 SYSTEMPATH/Boot.php(67): CodeIgniter\Boot::runCodeIgniter(Object(CodeIgniter\CodeIgniter))
 6 FCPATH/index.php(56): CodeIgniter\Boot::bootWeb(Object(Config\Paths))
WARNING - 2026-07-29 11:02:27 --> [DEPRECATED] Creation of dynamic property App\Controllers\Apps\Services\IKPAData::$apps is deprecated in APPPATH/Controllers/Apps/Services/IKPAData.php on line 19.
 1 SYSTEMPATH/CodeIgniter.php(903): App\Controllers\Apps\Services\IKPAData->__construct()
 2 SYSTEMPATH/CodeIgniter.php(498): CodeIgniter\CodeIgniter->createController()
 3 SYSTEMPATH/CodeIgniter.php(354): CodeIgniter\CodeIgniter->handleRequest(null, Object(Config\Cache), false)
 4 SYSTEMPATH/Boot.php(334): CodeIgniter\CodeIgniter->run()
 5 SYSTEMPATH/Boot.php(67): CodeIgniter\Boot::runCodeIgniter(Object(CodeIgniter\CodeIgniter))
 6 FCPATH/index.php(56): CodeIgniter\Boot::bootWeb(Object(Config\Paths))
WARNING - 2026-07-29 11:02:28 --> [DEPRECATED] Creation of dynamic property App\Controllers\Apps\Services\IKPAData::$uploader is deprecated in APPPATH/Controllers/Apps/Services/IKPAData.php on line 20.
 1 SYSTEMPATH/CodeIgniter.php(903): App\Controllers\Apps\Services\IKPAData->__construct()
 2 SYSTEMPATH/CodeIgniter.php(498): CodeIgniter\CodeIgniter->createController()
 3 SYSTEMPATH/CodeIgniter.php(354): CodeIgniter\CodeIgniter->handleRequest(null, Object(Config\Cache), false)
 4 SYSTEMPATH/Boot.php(334): CodeIgniter\CodeIgniter->run()
 5 SYSTEMPATH/Boot.php(67): CodeIgniter\Boot::runCodeIgniter(Object(CodeIgniter\CodeIgniter))
 6 FCPATH/index.php(56): CodeIgniter\Boot::bootWeb(Object(Config\Paths))
WARNING - 2026-07-29 11:02:28 --> [DEPRECATED] Creation of dynamic property App\Controllers\Apps\Services\IKPAData::$dataTables is deprecated in APPPATH/Controllers/Apps/Services/IKPAData.php on line 21.
 1 SYSTEMPATH/CodeIgniter.php(903): App\Controllers\Apps\Services\IKPAData->__construct()
 2 SYSTEMPATH/CodeIgniter.php(498): CodeIgniter\CodeIgniter->createController()
 3 SYSTEMPATH/CodeIgniter.php(354): CodeIgniter\CodeIgniter->handleRequest(null, Object(Config\Cache), false)
 4 SYSTEMPATH/Boot.php(334): CodeIgniter\CodeIgniter->run()
 5 SYSTEMPATH/Boot.php(67): CodeIgniter\Boot::runCodeIgniter(Object(CodeIgniter\CodeIgniter))
 6 FCPATH/index.php(56): CodeIgniter\Boot::bootWeb(Object(Config\Paths))
DEBUG - 2026-07-29 11:02:35 --> Session: Class initialized using 'CodeIgniter\Session\Handlers\FileHandler' driver.
WARNING - 2026-07-29 11:02:36 --> [DEPRECATED] Creation of dynamic property App\Controllers\Apps\Services\IKPAData::$ikpamodel is deprecated in APPPATH/Controllers/Apps/Services/IKPAData.php on line 18.
 1 SYSTEMPATH/CodeIgniter.php(903): App\Controllers\Apps\Services\IKPAData->__construct()
 2 SYSTEMPATH/CodeIgniter.php(498): CodeIgniter\CodeIgniter->createController()
 3 SYSTEMPATH/CodeIgniter.php(354): CodeIgniter\CodeIgniter->handleRequest(null, Object(Config\Cache), false)
 4 SYSTEMPATH/Boot.php(334): CodeIgniter\CodeIgniter->run()
 5 SYSTEMPATH/Boot.php(67): CodeIgniter\Boot::runCodeIgniter(Object(CodeIgniter\CodeIgniter))
 6 FCPATH/index.php(56): CodeIgniter\Boot::bootWeb(Object(Config\Paths))
WARNING - 2026-07-29 11:02:36 --> [DEPRECATED] Creation of dynamic property App\Controllers\Apps\Services\IKPAData::$apps is deprecated in APPPATH/Controllers/Apps/Services/IKPAData.php on line 19.
 1 SYSTEMPATH/CodeIgniter.php(903): App\Controllers\Apps\Services\IKPAData->__construct()
 2 SYSTEMPATH/CodeIgniter.php(498): CodeIgniter\CodeIgniter->createController()
 3 SYSTEMPATH/CodeIgniter.php(354): CodeIgniter\CodeIgniter->handleRequest(null, Object(Config\Cache), false)
 4 SYSTEMPATH/Boot.php(334): CodeIgniter\CodeIgniter->run()
 5 SYSTEMPATH/Boot.php(67): CodeIgniter\Boot::runCodeIgniter(Object(CodeIgniter\CodeIgniter))
 6 FCPATH/index.php(56): CodeIgniter\Boot::bootWeb(Object(Config\Paths))
WARNING - 2026-07-29 11:02:36 --> [DEPRECATED] Creation of dynamic property App\Controllers\Apps\Services\IKPAData::$uploader is deprecated in APPPATH/Controllers/Apps/Services/IKPAData.php on line 20.
 1 SYSTEMPATH/CodeIgniter.php(903): App\Controllers\Apps\Services\IKPAData->__construct()
 2 SYSTEMPATH/CodeIgniter.php(498): CodeIgniter\CodeIgniter->createController()
 3 SYSTEMPATH/CodeIgniter.php(354): CodeIgniter\CodeIgniter->handleRequest(null, Object(Config\Cache), false)
 4 SYSTEMPATH/Boot.php(334): CodeIgniter\CodeIgniter->run()
 5 SYSTEMPATH/Boot.php(67): CodeIgniter\Boot::runCodeIgniter(Object(CodeIgniter\CodeIgniter))
 6 FCPATH/index.php(56): CodeIgniter\Boot::bootWeb(Object(Config\Paths))
WARNING - 2026-07-29 11:02:37 --> [DEPRECATED] Creation of dynamic property App\Controllers\Apps\Services\IKPAData::$dataTables is deprecated in APPPATH/Controllers/Apps/Services/IKPAData.php on line 21.
 1 SYSTEMPATH/CodeIgniter.php(903): App\Controllers\Apps\Services\IKPAData->__construct()
 2 SYSTEMPATH/CodeIgniter.php(498): CodeIgniter\CodeIgniter->createController()
 3 SYSTEMPATH/CodeIgniter.php(354): CodeIgniter\CodeIgniter->handleRequest(null, Object(Config\Cache), false)
 4 SYSTEMPATH/Boot.php(334): CodeIgniter\CodeIgniter->run()
 5 SYSTEMPATH/Boot.php(67): CodeIgniter\Boot::runCodeIgniter(Object(CodeIgniter\CodeIgniter))
 6 FCPATH/index.php(56): CodeIgniter\Boot::bootWeb(Object(Config\Paths))
DEBUG - 2026-07-29 11:09:35 --> Session: Class initialized using 'CodeIgniter\Session\Handlers\FileHandler' driver.
WARNING - 2026-07-29 11:09:36 --> [DEPRECATED] Creation of dynamic property App\Controllers\Apps\Services\IKPAData::$ikpamodel is deprecated in APPPATH/Controllers/Apps/Services/IKPAData.php on line 18.
 1 SYSTEMPATH/CodeIgniter.php(903): App\Controllers\Apps\Services\IKPAData->__construct()
 2 SYSTEMPATH/CodeIgniter.php(498): CodeIgniter\CodeIgniter->createController()
 3 SYSTEMPATH/CodeIgniter.php(354): CodeIgniter\CodeIgniter->handleRequest(null, Object(Config\Cache), false)
 4 SYSTEMPATH/Boot.php(334): CodeIgniter\CodeIgniter->run()
 5 SYSTEMPATH/Boot.php(67): CodeIgniter\Boot::runCodeIgniter(Object(CodeIgniter\CodeIgniter))
 6 FCPATH/index.php(56): CodeIgniter\Boot::bootWeb(Object(Config\Paths))
WARNING - 2026-07-29 11:09:36 --> [DEPRECATED] Creation of dynamic property App\Controllers\Apps\Services\IKPAData::$apps is deprecated in APPPATH/Controllers/Apps/Services/IKPAData.php on line 19.
 1 SYSTEMPATH/CodeIgniter.php(903): App\Controllers\Apps\Services\IKPAData->__construct()
 2 SYSTEMPATH/CodeIgniter.php(498): CodeIgniter\CodeIgniter->createController()
 3 SYSTEMPATH/CodeIgniter.php(354): CodeIgniter\CodeIgniter->handleRequest(null, Object(Config\Cache), false)
 4 SYSTEMPATH/Boot.php(334): CodeIgniter\CodeIgniter->run()
 5 SYSTEMPATH/Boot.php(67): CodeIgniter\Boot::runCodeIgniter(Object(CodeIgniter\CodeIgniter))
 6 FCPATH/index.php(56): CodeIgniter\Boot::bootWeb(Object(Config\Paths))
WARNING - 2026-07-29 11:09:36 --> [DEPRECATED] Creation of dynamic property App\Controllers\Apps\Services\IKPAData::$uploader is deprecated in APPPATH/Controllers/Apps/Services/IKPAData.php on line 20.
 1 SYSTEMPATH/CodeIgniter.php(903): App\Controllers\Apps\Services\IKPAData->__construct()
 2 SYSTEMPATH/CodeIgniter.php(498): CodeIgniter\CodeIgniter->createController()
 3 SYSTEMPATH/CodeIgniter.php(354): CodeIgniter\CodeIgniter->handleRequest(null, Object(Config\Cache), false)
 4 SYSTEMPATH/Boot.php(334): CodeIgniter\CodeIgniter->run()
 5 SYSTEMPATH/Boot.php(67): CodeIgniter\Boot::runCodeIgniter(Object(CodeIgniter\CodeIgniter))
 6 FCPATH/index.php(56): CodeIgniter\Boot::bootWeb(Object(Config\Paths))
WARNING - 2026-07-29 11:09:36 --> [DEPRECATED] Creation of dynamic property App\Controllers\Apps\Services\IKPAData::$dataTables is deprecated in APPPATH/Controllers/Apps/Services/IKPAData.php on line 21.
 1 SYSTEMPATH/CodeIgniter.php(903): App\Controllers\Apps\Services\IKPAData->__construct()
 2 SYSTEMPATH/CodeIgniter.php(498): CodeIgniter\CodeIgniter->createController()
 3 SYSTEMPATH/CodeIgniter.php(354): CodeIgniter\CodeIgniter->handleRequest(null, Object(Config\Cache), false)
 4 SYSTEMPATH/Boot.php(334): CodeIgniter\CodeIgniter->run()
 5 SYSTEMPATH/Boot.php(67): CodeIgniter\Boot::runCodeIgniter(Object(CodeIgniter\CodeIgniter))
 6 FCPATH/index.php(56): CodeIgniter\Boot::bootWeb(Object(Config\Paths))
DEBUG - 2026-07-29 11:09:45 --> Session: Class initialized using 'CodeIgniter\Session\Handlers\FileHandler' driver.
WARNING - 2026-07-29 11:09:46 --> [DEPRECATED] Creation of dynamic property App\Controllers\Apps\Services\IKPAData::$ikpamodel is deprecated in APPPATH/Controllers/Apps/Services/IKPAData.php on line 18.
 1 SYSTEMPATH/CodeIgniter.php(903): App\Controllers\Apps\Services\IKPAData->__construct()
 2 SYSTEMPATH/CodeIgniter.php(498): CodeIgniter\CodeIgniter->createController()
 3 SYSTEMPATH/CodeIgniter.php(354): CodeIgniter\CodeIgniter->handleRequest(null, Object(Config\Cache), false)
 4 SYSTEMPATH/Boot.php(334): CodeIgniter\CodeIgniter->run()
 5 SYSTEMPATH/Boot.php(67): CodeIgniter\Boot::runCodeIgniter(Object(CodeIgniter\CodeIgniter))
 6 FCPATH/index.php(56): CodeIgniter\Boot::bootWeb(Object(Config\Paths))
WARNING - 2026-07-29 11:09:46 --> [DEPRECATED] Creation of dynamic property App\Controllers\Apps\Services\IKPAData::$apps is deprecated in APPPATH/Controllers/Apps/Services/IKPAData.php on line 19.
 1 SYSTEMPATH/CodeIgniter.php(903): App\Controllers\Apps\Services\IKPAData->__construct()
 2 SYSTEMPATH/CodeIgniter.php(498): CodeIgniter\CodeIgniter->createController()
 3 SYSTEMPATH/CodeIgniter.php(354): CodeIgniter\CodeIgniter->handleRequest(null, Object(Config\Cache), false)
 4 SYSTEMPATH/Boot.php(334): CodeIgniter\CodeIgniter->run()
 5 SYSTEMPATH/Boot.php(67): CodeIgniter\Boot::runCodeIgniter(Object(CodeIgniter\CodeIgniter))
 6 FCPATH/index.php(56): CodeIgniter\Boot::bootWeb(Object(Config\Paths))
WARNING - 2026-07-29 11:09:46 --> [DEPRECATED] Creation of dynamic property App\Controllers\Apps\Services\IKPAData::$uploader is deprecated in APPPATH/Controllers/Apps/Services/IKPAData.php on line 20.
 1 SYSTEMPATH/CodeIgniter.php(903): App\Controllers\Apps\Services\IKPAData->__construct()
 2 SYSTEMPATH/CodeIgniter.php(498): CodeIgniter\CodeIgniter->createController()
 3 SYSTEMPATH/CodeIgniter.php(354): CodeIgniter\CodeIgniter->handleRequest(null, Object(Config\Cache), false)
 4 SYSTEMPATH/Boot.php(334): CodeIgniter\CodeIgniter->run()
 5 SYSTEMPATH/Boot.php(67): CodeIgniter\Boot::runCodeIgniter(Object(CodeIgniter\CodeIgniter))
 6 FCPATH/index.php(56): CodeIgniter\Boot::bootWeb(Object(Config\Paths))
WARNING - 2026-07-29 11:09:46 --> [DEPRECATED] Creation of dynamic property App\Controllers\Apps\Services\IKPAData::$dataTables is deprecated in APPPATH/Controllers/Apps/Services/IKPAData.php on line 21.
 1 SYSTEMPATH/CodeIgniter.php(903): App\Controllers\Apps\Services\IKPAData->__construct()
 2 SYSTEMPATH/CodeIgniter.php(498): CodeIgniter\CodeIgniter->createController()
 3 SYSTEMPATH/CodeIgniter.php(354): CodeIgniter\CodeIgniter->handleRequest(null, Object(Config\Cache), false)
 4 SYSTEMPATH/Boot.php(334): CodeIgniter\CodeIgniter->run()
 5 SYSTEMPATH/Boot.php(67): CodeIgniter\Boot::runCodeIgniter(Object(CodeIgniter\CodeIgniter))
 6 FCPATH/index.php(56): CodeIgniter\Boot::bootWeb(Object(Config\Paths))
DEBUG - 2026-07-29 11:09:49 --> Session: Class initialized using 'CodeIgniter\Session\Handlers\FileHandler' driver.
WARNING - 2026-07-29 11:09:50 --> [DEPRECATED] Creation of dynamic property App\Controllers\Apps\Services\IKPAData::$ikpamodel is deprecated in APPPATH/Controllers/Apps/Services/IKPAData.php on line 18.
 1 SYSTEMPATH/CodeIgniter.php(903): App\Controllers\Apps\Services\IKPAData->__construct()
 2 SYSTEMPATH/CodeIgniter.php(498): CodeIgniter\CodeIgniter->createController()
 3 SYSTEMPATH/CodeIgniter.php(354): CodeIgniter\CodeIgniter->handleRequest(null, Object(Config\Cache), false)
 4 SYSTEMPATH/Boot.php(334): CodeIgniter\CodeIgniter->run()
 5 SYSTEMPATH/Boot.php(67): CodeIgniter\Boot::runCodeIgniter(Object(CodeIgniter\CodeIgniter))
 6 FCPATH/index.php(56): CodeIgniter\Boot::bootWeb(Object(Config\Paths))
WARNING - 2026-07-29 11:09:50 --> [DEPRECATED] Creation of dynamic property App\Controllers\Apps\Services\IKPAData::$apps is deprecated in APPPATH/Controllers/Apps/Services/IKPAData.php on line 19.
 1 SYSTEMPATH/CodeIgniter.php(903): App\Controllers\Apps\Services\IKPAData->__construct()
 2 SYSTEMPATH/CodeIgniter.php(498): CodeIgniter\CodeIgniter->createController()
 3 SYSTEMPATH/CodeIgniter.php(354): CodeIgniter\CodeIgniter->handleRequest(null, Object(Config\Cache), false)
 4 SYSTEMPATH/Boot.php(334): CodeIgniter\CodeIgniter->run()
 5 SYSTEMPATH/Boot.php(67): CodeIgniter\Boot::runCodeIgniter(Object(CodeIgniter\CodeIgniter))
 6 FCPATH/index.php(56): CodeIgniter\Boot::bootWeb(Object(Config\Paths))
WARNING - 2026-07-29 11:09:50 --> [DEPRECATED] Creation of dynamic property App\Controllers\Apps\Services\IKPAData::$uploader is deprecated in APPPATH/Controllers/Apps/Services/IKPAData.php on line 20.
 1 SYSTEMPATH/CodeIgniter.php(903): App\Controllers\Apps\Services\IKPAData->__construct()
 2 SYSTEMPATH/CodeIgniter.php(498): CodeIgniter\CodeIgniter->createController()
 3 SYSTEMPATH/CodeIgniter.php(354): CodeIgniter\CodeIgniter->handleRequest(null, Object(Config\Cache), false)
 4 SYSTEMPATH/Boot.php(334): CodeIgniter\CodeIgniter->run()
 5 SYSTEMPATH/Boot.php(67): CodeIgniter\Boot::runCodeIgniter(Object(CodeIgniter\CodeIgniter))
 6 FCPATH/index.php(56): CodeIgniter\Boot::bootWeb(Object(Config\Paths))
WARNING - 2026-07-29 11:09:50 --> [DEPRECATED] Creation of dynamic property App\Controllers\Apps\Services\IKPAData::$dataTables is deprecated in APPPATH/Controllers/Apps/Services/IKPAData.php on line 21.
 1 SYSTEMPATH/CodeIgniter.php(903): App\Controllers\Apps\Services\IKPAData->__construct()
 2 SYSTEMPATH/CodeIgniter.php(498): CodeIgniter\CodeIgniter->createController()
 3 SYSTEMPATH/CodeIgniter.php(354): CodeIgniter\CodeIgniter->handleRequest(null, Object(Config\Cache), false)
 4 SYSTEMPATH/Boot.php(334): CodeIgniter\CodeIgniter->run()
 5 SYSTEMPATH/Boot.php(67): CodeIgniter\Boot::runCodeIgniter(Object(CodeIgniter\CodeIgniter))
 6 FCPATH/index.php(56): CodeIgniter\Boot::bootWeb(Object(Config\Paths))
DEBUG - 2026-07-29 11:09:50 --> Session: Class initialized using 'CodeIgniter\Session\Handlers\FileHandler' driver.
DEBUG - 2026-07-29 11:09:59 --> Session: Class initialized using 'CodeIgniter\Session\Handlers\FileHandler' driver.
DEBUG - 2026-07-29 11:10:02 --> Session: Class initialized using 'CodeIgniter\Session\Handlers\FileHandler' driver.
DEBUG - 2026-07-29 11:10:03 --> Session: Class initialized using 'CodeIgniter\Session\Handlers\FileHandler' driver.
DEBUG - 2026-07-29 11:10:18 --> Session: Class initialized using 'CodeIgniter\Session\Handlers\FileHandler' driver.
WARNING - 2026-07-29 11:10:19 --> [DEPRECATED] Creation of dynamic property App\Controllers\Apps\AppsController::$apps is deprecated in APPPATH/Controllers/Apps/AppsController.php on line 14.
 1 SYSTEMPATH/CodeIgniter.php(903): App\Controllers\Apps\AppsController->__construct()
 2 SYSTEMPATH/CodeIgniter.php(498): CodeIgniter\CodeIgniter->createController()
 3 SYSTEMPATH/CodeIgniter.php(354): CodeIgniter\CodeIgniter->handleRequest(null, Object(Config\Cache), false)
 4 SYSTEMPATH/Boot.php(334): CodeIgniter\CodeIgniter->run()
 5 SYSTEMPATH/Boot.php(67): CodeIgniter\Boot::runCodeIgniter(Object(CodeIgniter\CodeIgniter))
 6 FCPATH/index.php(56): CodeIgniter\Boot::bootWeb(Object(Config\Paths))
DEBUG - 2026-07-29 11:10:25 --> Session: Class initialized using 'CodeIgniter\Session\Handlers\FileHandler' driver.
WARNING - 2026-07-29 11:10:25 --> [DEPRECATED] Creation of dynamic property App\Controllers\Apps\FetchData::$apps is deprecated in APPPATH/Controllers/Apps/FetchData.php on line 21.
 1 SYSTEMPATH/CodeIgniter.php(903): App\Controllers\Apps\FetchData->__construct()
 2 SYSTEMPATH/CodeIgniter.php(498): CodeIgniter\CodeIgniter->createController()
 3 SYSTEMPATH/CodeIgniter.php(354): CodeIgniter\CodeIgniter->handleRequest(null, Object(Config\Cache), false)
 4 SYSTEMPATH/Boot.php(334): CodeIgniter\CodeIgniter->run()
 5 SYSTEMPATH/Boot.php(67): CodeIgniter\Boot::runCodeIgniter(Object(CodeIgniter\CodeIgniter))
 6 FCPATH/index.php(56): CodeIgniter\Boot::bootWeb(Object(Config\Paths))
DEBUG - 2026-07-29 11:10:48 --> Session: Class initialized using 'CodeIgniter\Session\Handlers\FileHandler' driver.
DEBUG - 2026-07-29 11:10:55 --> Session: Class initialized using 'CodeIgniter\Session\Handlers\FileHandler' driver.
DEBUG - 2026-07-29 11:10:58 --> Session: Class initialized using 'CodeIgniter\Session\Handlers\FileHandler' driver.
DEBUG - 2026-07-29 11:10:59 --> Session: Class initialized using 'CodeIgniter\Session\Handlers\FileHandler' driver.
DEBUG - 2026-07-29 11:11:05 --> Session: Class initialized using 'CodeIgniter\Session\Handlers\FileHandler' driver.
WARNING - 2026-07-29 11:11:05 --> [DEPRECATED] Creation of dynamic property App\Controllers\Apps\AppsController::$apps is deprecated in APPPATH/Controllers/Apps/AppsController.php on line 14.
 1 SYSTEMPATH/CodeIgniter.php(903): App\Controllers\Apps\AppsController->__construct()
 2 SYSTEMPATH/CodeIgniter.php(498): CodeIgniter\CodeIgniter->createController()
 3 SYSTEMPATH/CodeIgniter.php(354): CodeIgniter\CodeIgniter->handleRequest(null, Object(Config\Cache), false)
 4 SYSTEMPATH/Boot.php(334): CodeIgniter\CodeIgniter->run()
 5 SYSTEMPATH/Boot.php(67): CodeIgniter\Boot::runCodeIgniter(Object(CodeIgniter\CodeIgniter))
 6 FCPATH/index.php(56): CodeIgniter\Boot::bootWeb(Object(Config\Paths))
DEBUG - 2026-07-29 11:11:11 --> Session: Class initialized using 'CodeIgniter\Session\Handlers\FileHandler' driver.
WARNING - 2026-07-29 11:11:12 --> [DEPRECATED] Creation of dynamic property App\Controllers\Apps\FetchData::$apps is deprecated in APPPATH/Controllers/Apps/FetchData.php on line 21.
 1 SYSTEMPATH/CodeIgniter.php(903): App\Controllers\Apps\FetchData->__construct()
 2 SYSTEMPATH/CodeIgniter.php(498): CodeIgniter\CodeIgniter->createController()
 3 SYSTEMPATH/CodeIgniter.php(354): CodeIgniter\CodeIgniter->handleRequest(null, Object(Config\Cache), false)
 4 SYSTEMPATH/Boot.php(334): CodeIgniter\CodeIgniter->run()
 5 SYSTEMPATH/Boot.php(67): CodeIgniter\Boot::runCodeIgniter(Object(CodeIgniter\CodeIgniter))
 6 FCPATH/index.php(56): CodeIgniter\Boot::bootWeb(Object(Config\Paths))
DEBUG - 2026-07-29 11:11:19 --> Session: Class initialized using 'CodeIgniter\Session\Handlers\FileHandler' driver.
DEBUG - 2026-07-29 11:11:28 --> Session: Class initialized using 'CodeIgniter\Session\Handlers\FileHandler' driver.
DEBUG - 2026-07-29 11:11:32 --> Session: Class initialized using 'CodeIgniter\Session\Handlers\FileHandler' driver.
DEBUG - 2026-07-29 11:11:33 --> Session: Class initialized using 'CodeIgniter\Session\Handlers\FileHandler' driver.
DEBUG - 2026-07-29 11:12:16 --> Session: Class initialized using 'CodeIgniter\Session\Handlers\FileHandler' driver.
DEBUG - 2026-07-29 11:12:21 --> Session: Class initialized using 'CodeIgniter\Session\Handlers\FileHandler' driver.
DEBUG - 2026-07-29 11:12:22 --> Session: Class initialized using 'CodeIgniter\Session\Handlers\FileHandler' driver.
DEBUG - 2026-07-29 11:12:24 --> Session: Class initialized using 'CodeIgniter\Session\Handlers\FileHandler' driver.
DEBUG - 2026-07-29 11:12:25 --> Session: Class initialized using 'CodeIgniter\Session\Handlers\FileHandler' driver.
DEBUG - 2026-07-29 11:13:25 --> Session: Class initialized using 'CodeIgniter\Session\Handlers\FileHandler' driver.
DEBUG - 2026-07-29 11:13:26 --> Session: Class initialized using 'CodeIgniter\Session\Handlers\FileHandler' driver.
DEBUG - 2026-07-29 11:13:27 --> Session: Class initialized using 'CodeIgniter\Session\Handlers\FileHandler' driver.
DEBUG - 2026-07-29 11:13:29 --> Session: Class initialized using 'CodeIgniter\Session\Handlers\FileHandler' driver.
DEBUG - 2026-07-29 11:13:31 --> Session: Class initialized using 'CodeIgniter\Session\Handlers\FileHandler' driver.
DEBUG - 2026-07-29 11:13:31 --> Session: Class initialized using 'CodeIgniter\Session\Handlers\FileHandler' driver.
DEBUG - 2026-07-29 11:15:45 --> Session: Class initialized using 'CodeIgniter\Session\Handlers\FileHandler' driver.
DEBUG - 2026-07-29 11:15:49 --> Session: Class initialized using 'CodeIgniter\Session\Handlers\FileHandler' driver.
DEBUG - 2026-07-29 11:16:02 --> Session: Class initialized using 'CodeIgniter\Session\Handlers\FileHandler' driver.
DEBUG - 2026-07-29 11:16:06 --> Session: Class initialized using 'CodeIgniter\Session\Handlers\FileHandler' driver.
DEBUG - 2026-07-29 11:16:08 --> Session: Class initialized using 'CodeIgniter\Session\Handlers\FileHandler' driver.
DEBUG - 2026-07-29 11:22:42 --> Session: Class initialized using 'CodeIgniter\Session\Handlers\FileHandler' driver.
DEBUG - 2026-07-29 11:22:54 --> Session: Class initialized using 'CodeIgniter\Session\Handlers\FileHandler' driver.
DEBUG - 2026-07-29 11:22:58 --> Session: Class initialized using 'CodeIgniter\Session\Handlers\FileHandler' driver.
DEBUG - 2026-07-29 11:22:58 --> Session: Class initialized using 'CodeIgniter\Session\Handlers\FileHandler' driver.
DEBUG - 2026-07-29 11:23:12 --> Session: Class initialized using 'CodeIgniter\Session\Handlers\FileHandler' driver.
DEBUG - 2026-07-29 11:23:16 --> Session: Class initialized using 'CodeIgniter\Session\Handlers\FileHandler' driver.
WARNING - 2026-07-29 11:23:16 --> [DEPRECATED] Creation of dynamic property App\Controllers\Apps\Services\IKPAData::$ikpamodel is deprecated in APPPATH/Controllers/Apps/Services/IKPAData.php on line 18.
 1 SYSTEMPATH/CodeIgniter.php(903): App\Controllers\Apps\Services\IKPAData->__construct()
 2 SYSTEMPATH/CodeIgniter.php(498): CodeIgniter\CodeIgniter->createController()
 3 SYSTEMPATH/CodeIgniter.php(354): CodeIgniter\CodeIgniter->handleRequest(null, Object(Config\Cache), false)
 4 SYSTEMPATH/Boot.php(334): CodeIgniter\CodeIgniter->run()
 5 SYSTEMPATH/Boot.php(67): CodeIgniter\Boot::runCodeIgniter(Object(CodeIgniter\CodeIgniter))
 6 FCPATH/index.php(56): CodeIgniter\Boot::bootWeb(Object(Config\Paths))
WARNING - 2026-07-29 11:23:16 --> [DEPRECATED] Creation of dynamic property App\Controllers\Apps\Services\IKPAData::$apps is deprecated in APPPATH/Controllers/Apps/Services/IKPAData.php on line 19.
 1 SYSTEMPATH/CodeIgniter.php(903): App\Controllers\Apps\Services\IKPAData->__construct()
 2 SYSTEMPATH/CodeIgniter.php(498): CodeIgniter\CodeIgniter->createController()
 3 SYSTEMPATH/CodeIgniter.php(354): CodeIgniter\CodeIgniter->handleRequest(null, Object(Config\Cache), false)
 4 SYSTEMPATH/Boot.php(334): CodeIgniter\CodeIgniter->run()
 5 SYSTEMPATH/Boot.php(67): CodeIgniter\Boot::runCodeIgniter(Object(CodeIgniter\CodeIgniter))
 6 FCPATH/index.php(56): CodeIgniter\Boot::bootWeb(Object(Config\Paths))
WARNING - 2026-07-29 11:23:16 --> [DEPRECATED] Creation of dynamic property App\Controllers\Apps\Services\IKPAData::$uploader is deprecated in APPPATH/Controllers/Apps/Services/IKPAData.php on line 20.
 1 SYSTEMPATH/CodeIgniter.php(903): App\Controllers\Apps\Services\IKPAData->__construct()
 2 SYSTEMPATH/CodeIgniter.php(498): CodeIgniter\CodeIgniter->createController()
 3 SYSTEMPATH/CodeIgniter.php(354): CodeIgniter\CodeIgniter->handleRequest(null, Object(Config\Cache), false)
 4 SYSTEMPATH/Boot.php(334): CodeIgniter\CodeIgniter->run()
 5 SYSTEMPATH/Boot.php(67): CodeIgniter\Boot::runCodeIgniter(Object(CodeIgniter\CodeIgniter))
 6 FCPATH/index.php(56): CodeIgniter\Boot::bootWeb(Object(Config\Paths))
WARNING - 2026-07-29 11:23:16 --> [DEPRECATED] Creation of dynamic property App\Controllers\Apps\Services\IKPAData::$dataTables is deprecated in APPPATH/Controllers/Apps/Services/IKPAData.php on line 21.
 1 SYSTEMPATH/CodeIgniter.php(903): App\Controllers\Apps\Services\IKPAData->__construct()
 2 SYSTEMPATH/CodeIgniter.php(498): CodeIgniter\CodeIgniter->createController()
 3 SYSTEMPATH/CodeIgniter.php(354): CodeIgniter\CodeIgniter->handleRequest(null, Object(Config\Cache), false)
 4 SYSTEMPATH/Boot.php(334): CodeIgniter\CodeIgniter->run()
 5 SYSTEMPATH/Boot.php(67): CodeIgniter\Boot::runCodeIgniter(Object(CodeIgniter\CodeIgniter))
 6 FCPATH/index.php(56): CodeIgniter\Boot::bootWeb(Object(Config\Paths))
DEBUG - 2026-07-29 11:23:17 --> Session: Class initialized using 'CodeIgniter\Session\Handlers\FileHandler' driver.
DEBUG - 2026-07-29 11:23:18 --> Session: Class initialized using 'CodeIgniter\Session\Handlers\FileHandler' driver.
DEBUG - 2026-07-29 11:23:18 --> Session: Class initialized using 'CodeIgniter\Session\Handlers\FileHandler' driver.
DEBUG - 2026-07-29 11:23:18 --> Session: Class initialized using 'CodeIgniter\Session\Handlers\FileHandler' driver.
WARNING - 2026-07-29 11:23:18 --> [DEPRECATED] Creation of dynamic property App\Controllers\Apps\Services\IKPAData::$ikpamodel is deprecated in APPPATH/Controllers/Apps/Services/IKPAData.php on line 18.
 1 SYSTEMPATH/CodeIgniter.php(903): App\Controllers\Apps\Services\IKPAData->__construct()
 2 SYSTEMPATH/CodeIgniter.php(498): CodeIgniter\CodeIgniter->createController()
 3 SYSTEMPATH/CodeIgniter.php(354): CodeIgniter\CodeIgniter->handleRequest(null, Object(Config\Cache), false)
 4 SYSTEMPATH/Boot.php(334): CodeIgniter\CodeIgniter->run()
 5 SYSTEMPATH/Boot.php(67): CodeIgniter\Boot::runCodeIgniter(Object(CodeIgniter\CodeIgniter))
 6 FCPATH/index.php(56): CodeIgniter\Boot::bootWeb(Object(Config\Paths))
WARNING - 2026-07-29 11:23:18 --> [DEPRECATED] Creation of dynamic property App\Controllers\Apps\Services\IKPAData::$apps is deprecated in APPPATH/Controllers/Apps/Services/IKPAData.php on line 19.
 1 SYSTEMPATH/CodeIgniter.php(903): App\Controllers\Apps\Services\IKPAData->__construct()
 2 SYSTEMPATH/CodeIgniter.php(498): CodeIgniter\CodeIgniter->createController()
 3 SYSTEMPATH/CodeIgniter.php(354): CodeIgniter\CodeIgniter->handleRequest(null, Object(Config\Cache), false)
 4 SYSTEMPATH/Boot.php(334): CodeIgniter\CodeIgniter->run()
 5 SYSTEMPATH/Boot.php(67): CodeIgniter\Boot::runCodeIgniter(Object(CodeIgniter\CodeIgniter))
 6 FCPATH/index.php(56): CodeIgniter\Boot::bootWeb(Object(Config\Paths))
WARNING - 2026-07-29 11:23:19 --> [DEPRECATED] Creation of dynamic property App\Controllers\Apps\Services\IKPAData::$uploader is deprecated in APPPATH/Controllers/Apps/Services/IKPAData.php on line 20.
 1 SYSTEMPATH/CodeIgniter.php(903): App\Controllers\Apps\Services\IKPAData->__construct()
 2 SYSTEMPATH/CodeIgniter.php(498): CodeIgniter\CodeIgniter->createController()
 3 SYSTEMPATH/CodeIgniter.php(354): CodeIgniter\CodeIgniter->handleRequest(null, Object(Config\Cache), false)
 4 SYSTEMPATH/Boot.php(334): CodeIgniter\CodeIgniter->run()
 5 SYSTEMPATH/Boot.php(67): CodeIgniter\Boot::runCodeIgniter(Object(CodeIgniter\CodeIgniter))
 6 FCPATH/index.php(56): CodeIgniter\Boot::bootWeb(Object(Config\Paths))
WARNING - 2026-07-29 11:23:19 --> [DEPRECATED] Creation of dynamic property App\Controllers\Apps\Services\IKPAData::$dataTables is deprecated in APPPATH/Controllers/Apps/Services/IKPAData.php on line 21.
 1 SYSTEMPATH/CodeIgniter.php(903): App\Controllers\Apps\Services\IKPAData->__construct()
 2 SYSTEMPATH/CodeIgniter.php(498): CodeIgniter\CodeIgniter->createController()
 3 SYSTEMPATH/CodeIgniter.php(354): CodeIgniter\CodeIgniter->handleRequest(null, Object(Config\Cache), false)
 4 SYSTEMPATH/Boot.php(334): CodeIgniter\CodeIgniter->run()
 5 SYSTEMPATH/Boot.php(67): CodeIgniter\Boot::runCodeIgniter(Object(CodeIgniter\CodeIgniter))
 6 FCPATH/index.php(56): CodeIgniter\Boot::bootWeb(Object(Config\Paths))
DEBUG - 2026-07-29 11:23:19 --> Session: Class initialized using 'CodeIgniter\Session\Handlers\FileHandler' driver.
WARNING - 2026-07-29 11:23:19 --> [DEPRECATED] Creation of dynamic property App\Controllers\Apps\Services\IKPAData::$ikpamodel is deprecated in APPPATH/Controllers/Apps/Services/IKPAData.php on line 18.
 1 SYSTEMPATH/CodeIgniter.php(903): App\Controllers\Apps\Services\IKPAData->__construct()
 2 SYSTEMPATH/CodeIgniter.php(498): CodeIgniter\CodeIgniter->createController()
 3 SYSTEMPATH/CodeIgniter.php(354): CodeIgniter\CodeIgniter->handleRequest(null, Object(Config\Cache), false)
 4 SYSTEMPATH/Boot.php(334): CodeIgniter\CodeIgniter->run()
 5 SYSTEMPATH/Boot.php(67): CodeIgniter\Boot::runCodeIgniter(Object(CodeIgniter\CodeIgniter))
 6 FCPATH/index.php(56): CodeIgniter\Boot::bootWeb(Object(Config\Paths))
WARNING - 2026-07-29 11:23:19 --> [DEPRECATED] Creation of dynamic property App\Controllers\Apps\Services\IKPAData::$apps is deprecated in APPPATH/Controllers/Apps/Services/IKPAData.php on line 19.
 1 SYSTEMPATH/CodeIgniter.php(903): App\Controllers\Apps\Services\IKPAData->__construct()
 2 SYSTEMPATH/CodeIgniter.php(498): CodeIgniter\CodeIgniter->createController()
 3 SYSTEMPATH/CodeIgniter.php(354): CodeIgniter\CodeIgniter->handleRequest(null, Object(Config\Cache), false)
 4 SYSTEMPATH/Boot.php(334): CodeIgniter\CodeIgniter->run()
 5 SYSTEMPATH/Boot.php(67): CodeIgniter\Boot::runCodeIgniter(Object(CodeIgniter\CodeIgniter))
 6 FCPATH/index.php(56): CodeIgniter\Boot::bootWeb(Object(Config\Paths))
WARNING - 2026-07-29 11:23:19 --> [DEPRECATED] Creation of dynamic property App\Controllers\Apps\Services\IKPAData::$uploader is deprecated in APPPATH/Controllers/Apps/Services/IKPAData.php on line 20.
 1 SYSTEMPATH/CodeIgniter.php(903): App\Controllers\Apps\Services\IKPAData->__construct()
 2 SYSTEMPATH/CodeIgniter.php(498): CodeIgniter\CodeIgniter->createController()
 3 SYSTEMPATH/CodeIgniter.php(354): CodeIgniter\CodeIgniter->handleRequest(null, Object(Config\Cache), false)
 4 SYSTEMPATH/Boot.php(334): CodeIgniter\CodeIgniter->run()
 5 SYSTEMPATH/Boot.php(67): CodeIgniter\Boot::runCodeIgniter(Object(CodeIgniter\CodeIgniter))
 6 FCPATH/index.php(56): CodeIgniter\Boot::bootWeb(Object(Config\Paths))
WARNING - 2026-07-29 11:23:19 --> [DEPRECATED] Creation of dynamic property App\Controllers\Apps\Services\IKPAData::$dataTables is deprecated in APPPATH/Controllers/Apps/Services/IKPAData.php on line 21.
 1 SYSTEMPATH/CodeIgniter.php(903): App\Controllers\Apps\Services\IKPAData->__construct()
 2 SYSTEMPATH/CodeIgniter.php(498): CodeIgniter\CodeIgniter->createController()
 3 SYSTEMPATH/CodeIgniter.php(354): CodeIgniter\CodeIgniter->handleRequest(null, Object(Config\Cache), false)
 4 SYSTEMPATH/Boot.php(334): CodeIgniter\CodeIgniter->run()
 5 SYSTEMPATH/Boot.php(67): CodeIgniter\Boot::runCodeIgniter(Object(CodeIgniter\CodeIgniter))
 6 FCPATH/index.php(56): CodeIgniter\Boot::bootWeb(Object(Config\Paths))
DEBUG - 2026-07-29 11:25:05 --> Session: Class initialized using 'CodeIgniter\Session\Handlers\FileHandler' driver.
DEBUG - 2026-07-29 11:25:14 --> Session: Class initialized using 'CodeIgniter\Session\Handlers\FileHandler' driver.
DEBUG - 2026-07-29 11:25:18 --> Session: Class initialized using 'CodeIgniter\Session\Handlers\FileHandler' driver.
DEBUG - 2026-07-29 11:25:19 --> Session: Class initialized using 'CodeIgniter\Session\Handlers\FileHandler' driver.
DEBUG - 2026-07-29 11:26:01 --> Session: Class initialized using 'CodeIgniter\Session\Handlers\FileHandler' driver.
WARNING - 2026-07-29 11:26:02 --> [DEPRECATED] Creation of dynamic property App\Controllers\Apps\AppsController::$apps is deprecated in APPPATH/Controllers/Apps/AppsController.php on line 14.
 1 SYSTEMPATH/CodeIgniter.php(903): App\Controllers\Apps\AppsController->__construct()
 2 SYSTEMPATH/CodeIgniter.php(498): CodeIgniter\CodeIgniter->createController()
 3 SYSTEMPATH/CodeIgniter.php(354): CodeIgniter\CodeIgniter->handleRequest(null, Object(Config\Cache), false)
 4 SYSTEMPATH/Boot.php(334): CodeIgniter\CodeIgniter->run()
 5 SYSTEMPATH/Boot.php(67): CodeIgniter\Boot::runCodeIgniter(Object(CodeIgniter\CodeIgniter))
 6 FCPATH/index.php(56): CodeIgniter\Boot::bootWeb(Object(Config\Paths))
DEBUG - 2026-07-29 11:26:07 --> Session: Class initialized using 'CodeIgniter\Session\Handlers\FileHandler' driver.
WARNING - 2026-07-29 11:26:07 --> [DEPRECATED] Creation of dynamic property App\Controllers\Apps\FetchData::$apps is deprecated in APPPATH/Controllers/Apps/FetchData.php on line 21.
 1 SYSTEMPATH/CodeIgniter.php(903): App\Controllers\Apps\FetchData->__construct()
 2 SYSTEMPATH/CodeIgniter.php(498): CodeIgniter\CodeIgniter->createController()
 3 SYSTEMPATH/CodeIgniter.php(354): CodeIgniter\CodeIgniter->handleRequest(null, Object(Config\Cache), false)
 4 SYSTEMPATH/Boot.php(334): CodeIgniter\CodeIgniter->run()
 5 SYSTEMPATH/Boot.php(67): CodeIgniter\Boot::runCodeIgniter(Object(CodeIgniter\CodeIgniter))
 6 FCPATH/index.php(56): CodeIgniter\Boot::bootWeb(Object(Config\Paths))
DEBUG - 2026-07-29 11:26:15 --> Session: Class initialized using 'CodeIgniter\Session\Handlers\FileHandler' driver.
WARNING - 2026-07-29 11:26:16 --> [DEPRECATED] Creation of dynamic property App\Controllers\Apps\AppsController::$apps is deprecated in APPPATH/Controllers/Apps/AppsController.php on line 14.
 1 SYSTEMPATH/CodeIgniter.php(903): App\Controllers\Apps\AppsController->__construct()
 2 SYSTEMPATH/CodeIgniter.php(498): CodeIgniter\CodeIgniter->createController()
 3 SYSTEMPATH/CodeIgniter.php(354): CodeIgniter\CodeIgniter->handleRequest(null, Object(Config\Cache), false)
 4 SYSTEMPATH/Boot.php(334): CodeIgniter\CodeIgniter->run()
 5 SYSTEMPATH/Boot.php(67): CodeIgniter\Boot::runCodeIgniter(Object(CodeIgniter\CodeIgniter))
 6 FCPATH/index.php(56): CodeIgniter\Boot::bootWeb(Object(Config\Paths))
DEBUG - 2026-07-29 11:26:22 --> Session: Class initialized using 'CodeIgniter\Session\Handlers\FileHandler' driver.
WARNING - 2026-07-29 11:26:22 --> [DEPRECATED] Creation of dynamic property App\Controllers\Apps\FetchData::$apps is deprecated in APPPATH/Controllers/Apps/FetchData.php on line 21.
 1 SYSTEMPATH/CodeIgniter.php(903): App\Controllers\Apps\FetchData->__construct()
 2 SYSTEMPATH/CodeIgniter.php(498): CodeIgniter\CodeIgniter->createController()
 3 SYSTEMPATH/CodeIgniter.php(354): CodeIgniter\CodeIgniter->handleRequest(null, Object(Config\Cache), false)
 4 SYSTEMPATH/Boot.php(334): CodeIgniter\CodeIgniter->run()
 5 SYSTEMPATH/Boot.php(67): CodeIgniter\Boot::runCodeIgniter(Object(CodeIgniter\CodeIgniter))
 6 FCPATH/index.php(56): CodeIgniter\Boot::bootWeb(Object(Config\Paths))
DEBUG - 2026-07-29 11:26:31 --> Session: Class initialized using 'CodeIgniter\Session\Handlers\FileHandler' driver.
WARNING - 2026-07-29 11:26:32 --> [DEPRECATED] Creation of dynamic property App\Controllers\Apps\Services\IKPAData::$ikpamodel is deprecated in APPPATH/Controllers/Apps/Services/IKPAData.php on line 18.
 1 SYSTEMPATH/CodeIgniter.php(903): App\Controllers\Apps\Services\IKPAData->__construct()
 2 SYSTEMPATH/CodeIgniter.php(498): CodeIgniter\CodeIgniter->createController()
 3 SYSTEMPATH/CodeIgniter.php(354): CodeIgniter\CodeIgniter->handleRequest(null, Object(Config\Cache), false)
 4 SYSTEMPATH/Boot.php(334): CodeIgniter\CodeIgniter->run()
 5 SYSTEMPATH/Boot.php(67): CodeIgniter\Boot::runCodeIgniter(Object(CodeIgniter\CodeIgniter))
 6 FCPATH/index.php(56): CodeIgniter\Boot::bootWeb(Object(Config\Paths))
WARNING - 2026-07-29 11:26:32 --> [DEPRECATED] Creation of dynamic property App\Controllers\Apps\Services\IKPAData::$apps is deprecated in APPPATH/Controllers/Apps/Services/IKPAData.php on line 19.
 1 SYSTEMPATH/CodeIgniter.php(903): App\Controllers\Apps\Services\IKPAData->__construct()
 2 SYSTEMPATH/CodeIgniter.php(498): CodeIgniter\CodeIgniter->createController()
 3 SYSTEMPATH/CodeIgniter.php(354): CodeIgniter\CodeIgniter->handleRequest(null, Object(Config\Cache), false)
 4 SYSTEMPATH/Boot.php(334): CodeIgniter\CodeIgniter->run()
 5 SYSTEMPATH/Boot.php(67): CodeIgniter\Boot::runCodeIgniter(Object(CodeIgniter\CodeIgniter))
 6 FCPATH/index.php(56): CodeIgniter\Boot::bootWeb(Object(Config\Paths))
WARNING - 2026-07-29 11:26:32 --> [DEPRECATED] Creation of dynamic property App\Controllers\Apps\Services\IKPAData::$uploader is deprecated in APPPATH/Controllers/Apps/Services/IKPAData.php on line 20.
 1 SYSTEMPATH/CodeIgniter.php(903): App\Controllers\Apps\Services\IKPAData->__construct()
 2 SYSTEMPATH/CodeIgniter.php(498): CodeIgniter\CodeIgniter->createController()
 3 SYSTEMPATH/CodeIgniter.php(354): CodeIgniter\CodeIgniter->handleRequest(null, Object(Config\Cache), false)
 4 SYSTEMPATH/Boot.php(334): CodeIgniter\CodeIgniter->run()
 5 SYSTEMPATH/Boot.php(67): CodeIgniter\Boot::runCodeIgniter(Object(CodeIgniter\CodeIgniter))
 6 FCPATH/index.php(56): CodeIgniter\Boot::bootWeb(Object(Config\Paths))
WARNING - 2026-07-29 11:26:32 --> [DEPRECATED] Creation of dynamic property App\Controllers\Apps\Services\IKPAData::$dataTables is deprecated in APPPATH/Controllers/Apps/Services/IKPAData.php on line 21.
 1 SYSTEMPATH/CodeIgniter.php(903): App\Controllers\Apps\Services\IKPAData->__construct()
 2 SYSTEMPATH/CodeIgniter.php(498): CodeIgniter\CodeIgniter->createController()
 3 SYSTEMPATH/CodeIgniter.php(354): CodeIgniter\CodeIgniter->handleRequest(null, Object(Config\Cache), false)
 4 SYSTEMPATH/Boot.php(334): CodeIgniter\CodeIgniter->run()
 5 SYSTEMPATH/Boot.php(67): CodeIgniter\Boot::runCodeIgniter(Object(CodeIgniter\CodeIgniter))
 6 FCPATH/index.php(56): CodeIgniter\Boot::bootWeb(Object(Config\Paths))
DEBUG - 2026-07-29 11:26:38 --> Session: Class initialized using 'CodeIgniter\Session\Handlers\FileHandler' driver.
WARNING - 2026-07-29 11:26:38 --> [DEPRECATED] Creation of dynamic property App\Controllers\Apps\Services\IKPAData::$ikpamodel is deprecated in APPPATH/Controllers/Apps/Services/IKPAData.php on line 18.
 1 SYSTEMPATH/CodeIgniter.php(903): App\Controllers\Apps\Services\IKPAData->__construct()
 2 SYSTEMPATH/CodeIgniter.php(498): CodeIgniter\CodeIgniter->createController()
 3 SYSTEMPATH/CodeIgniter.php(354): CodeIgniter\CodeIgniter->handleRequest(null, Object(Config\Cache), false)
 4 SYSTEMPATH/Boot.php(334): CodeIgniter\CodeIgniter->run()
 5 SYSTEMPATH/Boot.php(67): CodeIgniter\Boot::runCodeIgniter(Object(CodeIgniter\CodeIgniter))
 6 FCPATH/index.php(56): CodeIgniter\Boot::bootWeb(Object(Config\Paths))
WARNING - 2026-07-29 11:26:38 --> [DEPRECATED] Creation of dynamic property App\Controllers\Apps\Services\IKPAData::$apps is deprecated in APPPATH/Controllers/Apps/Services/IKPAData.php on line 19.
 1 SYSTEMPATH/CodeIgniter.php(903): App\Controllers\Apps\Services\IKPAData->__construct()
 2 SYSTEMPATH/CodeIgniter.php(498): CodeIgniter\CodeIgniter->createController()
 3 SYSTEMPATH/CodeIgniter.php(354): CodeIgniter\CodeIgniter->handleRequest(null, Object(Config\Cache), false)
 4 SYSTEMPATH/Boot.php(334): CodeIgniter\CodeIgniter->run()
 5 SYSTEMPATH/Boot.php(67): CodeIgniter\Boot::runCodeIgniter(Object(CodeIgniter\CodeIgniter))
 6 FCPATH/index.php(56): CodeIgniter\Boot::bootWeb(Object(Config\Paths))
WARNING - 2026-07-29 11:26:38 --> [DEPRECATED] Creation of dynamic property App\Controllers\Apps\Services\IKPAData::$uploader is deprecated in APPPATH/Controllers/Apps/Services/IKPAData.php on line 20.
 1 SYSTEMPATH/CodeIgniter.php(903): App\Controllers\Apps\Services\IKPAData->__construct()
 2 SYSTEMPATH/CodeIgniter.php(498): CodeIgniter\CodeIgniter->createController()
 3 SYSTEMPATH/CodeIgniter.php(354): CodeIgniter\CodeIgniter->handleRequest(null, Object(Config\Cache), false)
 4 SYSTEMPATH/Boot.php(334): CodeIgniter\CodeIgniter->run()
 5 SYSTEMPATH/Boot.php(67): CodeIgniter\Boot::runCodeIgniter(Object(CodeIgniter\CodeIgniter))
 6 FCPATH/index.php(56): CodeIgniter\Boot::bootWeb(Object(Config\Paths))
WARNING - 2026-07-29 11:26:39 --> [DEPRECATED] Creation of dynamic property App\Controllers\Apps\Services\IKPAData::$dataTables is deprecated in APPPATH/Controllers/Apps/Services/IKPAData.php on line 21.
 1 SYSTEMPATH/CodeIgniter.php(903): App\Controllers\Apps\Services\IKPAData->__construct()
 2 SYSTEMPATH/CodeIgniter.php(498): CodeIgniter\CodeIgniter->createController()
 3 SYSTEMPATH/CodeIgniter.php(354): CodeIgniter\CodeIgniter->handleRequest(null, Object(Config\Cache), false)
 4 SYSTEMPATH/Boot.php(334): CodeIgniter\CodeIgniter->run()
 5 SYSTEMPATH/Boot.php(67): CodeIgniter\Boot::runCodeIgniter(Object(CodeIgniter\CodeIgniter))
 6 FCPATH/index.php(56): CodeIgniter\Boot::bootWeb(Object(Config\Paths))
DEBUG - 2026-07-29 11:26:44 --> Session: Class initialized using 'CodeIgniter\Session\Handlers\FileHandler' driver.
DEBUG - 2026-07-29 11:26:50 --> Session: Class initialized using 'CodeIgniter\Session\Handlers\FileHandler' driver.
DEBUG - 2026-07-29 11:26:55 --> Session: Class initialized using 'CodeIgniter\Session\Handlers\FileHandler' driver.
DEBUG - 2026-07-29 11:26:59 --> Session: Class initialized using 'CodeIgniter\Session\Handlers\FileHandler' driver.
DEBUG - 2026-07-29 13:03:07 --> Session: Class initialized using 'CodeIgniter\Session\Handlers\FileHandler' driver.
DEBUG - 2026-07-29 13:03:23 --> Session: Class initialized using 'CodeIgniter\Session\Handlers\FileHandler' driver.
DEBUG - 2026-07-29 13:03:25 --> Session: Class initialized using 'CodeIgniter\Session\Handlers\FileHandler' driver.
WARNING - 2026-07-29 13:03:25 --> [DEPRECATED] Creation of dynamic property App\Controllers\Apps\AppsController::$apps is deprecated in APPPATH/Controllers/Apps/AppsController.php on line 14.
 1 SYSTEMPATH/CodeIgniter.php(903): App\Controllers\Apps\AppsController->__construct()
 2 SYSTEMPATH/CodeIgniter.php(498): CodeIgniter\CodeIgniter->createController()
 3 SYSTEMPATH/CodeIgniter.php(354): CodeIgniter\CodeIgniter->handleRequest(null, Object(Config\Cache), false)
 4 SYSTEMPATH/Boot.php(334): CodeIgniter\CodeIgniter->run()
 5 SYSTEMPATH/Boot.php(67): CodeIgniter\Boot::runCodeIgniter(Object(CodeIgniter\CodeIgniter))
 6 FCPATH/index.php(56): CodeIgniter\Boot::bootWeb(Object(Config\Paths))
DEBUG - 2026-07-29 13:03:27 --> Session: Class initialized using 'CodeIgniter\Session\Handlers\FileHandler' driver.
WARNING - 2026-07-29 13:03:27 --> [DEPRECATED] Creation of dynamic property App\Controllers\Apps\FetchData::$apps is deprecated in APPPATH/Controllers/Apps/FetchData.php on line 21.
 1 SYSTEMPATH/CodeIgniter.php(903): App\Controllers\Apps\FetchData->__construct()
 2 SYSTEMPATH/CodeIgniter.php(498): CodeIgniter\CodeIgniter->createController()
 3 SYSTEMPATH/CodeIgniter.php(354): CodeIgniter\CodeIgniter->handleRequest(null, Object(Config\Cache), false)
 4 SYSTEMPATH/Boot.php(334): CodeIgniter\CodeIgniter->run()
 5 SYSTEMPATH/Boot.php(67): CodeIgniter\Boot::runCodeIgniter(Object(CodeIgniter\CodeIgniter))
 6 FCPATH/index.php(56): CodeIgniter\Boot::bootWeb(Object(Config\Paths))
DEBUG - 2026-07-29 13:03:51 --> Session: Class initialized using 'CodeIgniter\Session\Handlers\FileHandler' driver.
WARNING - 2026-07-29 13:03:51 --> [DEPRECATED] Creation of dynamic property App\Controllers\Apps\AppsController::$apps is deprecated in APPPATH/Controllers/Apps/AppsController.php on line 14.
 1 SYSTEMPATH/CodeIgniter.php(903): App\Controllers\Apps\AppsController->__construct()
 2 SYSTEMPATH/CodeIgniter.php(498): CodeIgniter\CodeIgniter->createController()
 3 SYSTEMPATH/CodeIgniter.php(354): CodeIgniter\CodeIgniter->handleRequest(null, Object(Config\Cache), false)
 4 SYSTEMPATH/Boot.php(334): CodeIgniter\CodeIgniter->run()
 5 SYSTEMPATH/Boot.php(67): CodeIgniter\Boot::runCodeIgniter(Object(CodeIgniter\CodeIgniter))
 6 FCPATH/index.php(56): CodeIgniter\Boot::bootWeb(Object(Config\Paths))
DEBUG - 2026-07-29 13:03:53 --> Session: Class initialized using 'CodeIgniter\Session\Handlers\FileHandler' driver.
WARNING - 2026-07-29 13:03:53 --> [DEPRECATED] Creation of dynamic property App\Controllers\Apps\FetchData::$apps is deprecated in APPPATH/Controllers/Apps/FetchData.php on line 21.
 1 SYSTEMPATH/CodeIgniter.php(903): App\Controllers\Apps\FetchData->__construct()
 2 SYSTEMPATH/CodeIgniter.php(498): CodeIgniter\CodeIgniter->createController()
 3 SYSTEMPATH/CodeIgniter.php(354): CodeIgniter\CodeIgniter->handleRequest(null, Object(Config\Cache), false)
 4 SYSTEMPATH/Boot.php(334): CodeIgniter\CodeIgniter->run()
 5 SYSTEMPATH/Boot.php(67): CodeIgniter\Boot::runCodeIgniter(Object(CodeIgniter\CodeIgniter))
 6 FCPATH/index.php(56): CodeIgniter\Boot::bootWeb(Object(Config\Paths))
DEBUG - 2026-07-29 13:03:58 --> Session: Class initialized using 'CodeIgniter\Session\Handlers\FileHandler' driver.
DEBUG - 2026-07-29 13:04:49 --> Session: Class initialized using 'CodeIgniter\Session\Handlers\FileHandler' driver.
WARNING - 2026-07-29 13:04:49 --> [DEPRECATED] Creation of dynamic property App\Controllers\Apps\AppsController::$apps is deprecated in APPPATH/Controllers/Apps/AppsController.php on line 14.
 1 SYSTEMPATH/CodeIgniter.php(903): App\Controllers\Apps\AppsController->__construct()
 2 SYSTEMPATH/CodeIgniter.php(498): CodeIgniter\CodeIgniter->createController()
 3 SYSTEMPATH/CodeIgniter.php(354): CodeIgniter\CodeIgniter->handleRequest(null, Object(Config\Cache), false)
 4 SYSTEMPATH/Boot.php(334): CodeIgniter\CodeIgniter->run()
 5 SYSTEMPATH/Boot.php(67): CodeIgniter\Boot::runCodeIgniter(Object(CodeIgniter\CodeIgniter))
 6 FCPATH/index.php(56): CodeIgniter\Boot::bootWeb(Object(Config\Paths))
DEBUG - 2026-07-29 13:04:53 --> Session: Class initialized using 'CodeIgniter\Session\Handlers\FileHandler' driver.
WARNING - 2026-07-29 13:04:54 --> [DEPRECATED] Creation of dynamic property App\Controllers\Apps\FetchData::$apps is deprecated in APPPATH/Controllers/Apps/FetchData.php on line 21.
 1 SYSTEMPATH/CodeIgniter.php(903): App\Controllers\Apps\FetchData->__construct()
 2 SYSTEMPATH/CodeIgniter.php(498): CodeIgniter\CodeIgniter->createController()
 3 SYSTEMPATH/CodeIgniter.php(354): CodeIgniter\CodeIgniter->handleRequest(null, Object(Config\Cache), false)
 4 SYSTEMPATH/Boot.php(334): CodeIgniter\CodeIgniter->run()
 5 SYSTEMPATH/Boot.php(67): CodeIgniter\Boot::runCodeIgniter(Object(CodeIgniter\CodeIgniter))
 6 FCPATH/index.php(56): CodeIgniter\Boot::bootWeb(Object(Config\Paths))
DEBUG - 2026-07-29 13:05:00 --> Session: Class initialized using 'CodeIgniter\Session\Handlers\FileHandler' driver.
DEBUG - 2026-07-29 13:06:00 --> Session: Class initialized using 'CodeIgniter\Session\Handlers\FileHandler' driver.
DEBUG - 2026-07-29 13:06:05 --> Session: Class initialized using 'CodeIgniter\Session\Handlers\FileHandler' driver.
DEBUG - 2026-07-29 13:06:09 --> Session: Class initialized using 'CodeIgniter\Session\Handlers\FileHandler' driver.
DEBUG - 2026-07-29 13:06:55 --> Session: Class initialized using 'CodeIgniter\Session\Handlers\FileHandler' driver.
DEBUG - 2026-07-29 13:07:09 --> Session: Class initialized using 'CodeIgniter\Session\Handlers\FileHandler' driver.
DEBUG - 2026-07-29 13:07:13 --> Session: Class initialized using 'CodeIgniter\Session\Handlers\FileHandler' driver.
DEBUG - 2026-07-29 13:07:17 --> Session: Class initialized using 'CodeIgniter\Session\Handlers\FileHandler' driver.
DEBUG - 2026-07-29 13:07:23 --> Session: Class initialized using 'CodeIgniter\Session\Handlers\FileHandler' driver.
DEBUG - 2026-07-29 13:07:34 --> Session: Class initialized using 'CodeIgniter\Session\Handlers\FileHandler' driver.
DEBUG - 2026-07-29 13:07:46 --> Session: Class initialized using 'CodeIgniter\Session\Handlers\FileHandler' driver.
DEBUG - 2026-07-29 13:07:59 --> Session: Class initialized using 'CodeIgniter\Session\Handlers\FileHandler' driver.
DEBUG - 2026-07-29 13:08:00 --> Session: Class initialized using 'CodeIgniter\Session\Handlers\FileHandler' driver.
DEBUG - 2026-07-29 13:08:18 --> Session: Class initialized using 'CodeIgniter\Session\Handlers\FileHandler' driver.
DEBUG - 2026-07-29 13:08:24 --> Session: Class initialized using 'CodeIgniter\Session\Handlers\FileHandler' driver.
DEBUG - 2026-07-29 13:09:53 --> Session: Class initialized using 'CodeIgniter\Session\Handlers\FileHandler' driver.
DEBUG - 2026-07-29 13:09:55 --> Session: Class initialized using 'CodeIgniter\Session\Handlers\FileHandler' driver.
DEBUG - 2026-07-29 13:14:11 --> Session: Class initialized using 'CodeIgniter\Session\Handlers\FileHandler' driver.
WARNING - 2026-07-29 13:14:12 --> [DEPRECATED] Creation of dynamic property App\Controllers\Apps\AppsController::$apps is deprecated in APPPATH/Controllers/Apps/AppsController.php on line 14.
 1 SYSTEMPATH/CodeIgniter.php(903): App\Controllers\Apps\AppsController->__construct()
 2 SYSTEMPATH/CodeIgniter.php(498): CodeIgniter\CodeIgniter->createController()
 3 SYSTEMPATH/CodeIgniter.php(354): CodeIgniter\CodeIgniter->handleRequest(null, Object(Config\Cache), false)
 4 SYSTEMPATH/Boot.php(334): CodeIgniter\CodeIgniter->run()
 5 SYSTEMPATH/Boot.php(67): CodeIgniter\Boot::runCodeIgniter(Object(CodeIgniter\CodeIgniter))
 6 FCPATH/index.php(56): CodeIgniter\Boot::bootWeb(Object(Config\Paths))
DEBUG - 2026-07-29 13:14:18 --> Session: Class initialized using 'CodeIgniter\Session\Handlers\FileHandler' driver.
WARNING - 2026-07-29 13:14:19 --> [DEPRECATED] Creation of dynamic property App\Controllers\Apps\FetchData::$apps is deprecated in APPPATH/Controllers/Apps/FetchData.php on line 21.
 1 SYSTEMPATH/CodeIgniter.php(903): App\Controllers\Apps\FetchData->__construct()
 2 SYSTEMPATH/CodeIgniter.php(498): CodeIgniter\CodeIgniter->createController()
 3 SYSTEMPATH/CodeIgniter.php(354): CodeIgniter\CodeIgniter->handleRequest(null, Object(Config\Cache), false)
 4 SYSTEMPATH/Boot.php(334): CodeIgniter\CodeIgniter->run()
 5 SYSTEMPATH/Boot.php(67): CodeIgniter\Boot::runCodeIgniter(Object(CodeIgniter\CodeIgniter))
 6 FCPATH/index.php(56): CodeIgniter\Boot::bootWeb(Object(Config\Paths))
DEBUG - 2026-07-29 13:26:54 --> Session: Class initialized using 'CodeIgniter\Session\Handlers\FileHandler' driver.
WARNING - 2026-07-29 13:26:55 --> [DEPRECATED] Creation of dynamic property App\Controllers\Apps\AppsController::$apps is deprecated in APPPATH/Controllers/Apps/AppsController.php on line 14.
 1 SYSTEMPATH/CodeIgniter.php(903): App\Controllers\Apps\AppsController->__construct()
 2 SYSTEMPATH/CodeIgniter.php(498): CodeIgniter\CodeIgniter->createController()
 3 SYSTEMPATH/CodeIgniter.php(354): CodeIgniter\CodeIgniter->handleRequest(null, Object(Config\Cache), false)
 4 SYSTEMPATH/Boot.php(334): CodeIgniter\CodeIgniter->run()
 5 SYSTEMPATH/Boot.php(67): CodeIgniter\Boot::runCodeIgniter(Object(CodeIgniter\CodeIgniter))
 6 FCPATH/index.php(56): CodeIgniter\Boot::bootWeb(Object(Config\Paths))
DEBUG - 2026-07-29 13:26:58 --> Session: Class initialized using 'CodeIgniter\Session\Handlers\FileHandler' driver.
WARNING - 2026-07-29 13:26:59 --> [DEPRECATED] Creation of dynamic property App\Controllers\Apps\FetchData::$apps is deprecated in APPPATH/Controllers/Apps/FetchData.php on line 21.
 1 SYSTEMPATH/CodeIgniter.php(903): App\Controllers\Apps\FetchData->__construct()
 2 SYSTEMPATH/CodeIgniter.php(498): CodeIgniter\CodeIgniter->createController()
 3 SYSTEMPATH/CodeIgniter.php(354): CodeIgniter\CodeIgniter->handleRequest(null, Object(Config\Cache), false)
 4 SYSTEMPATH/Boot.php(334): CodeIgniter\CodeIgniter->run()
 5 SYSTEMPATH/Boot.php(67): CodeIgniter\Boot::runCodeIgniter(Object(CodeIgniter\CodeIgniter))
 6 FCPATH/index.php(56): CodeIgniter\Boot::bootWeb(Object(Config\Paths))
DEBUG - 2026-07-29 13:28:46 --> Session: Class initialized using 'CodeIgniter\Session\Handlers\FileHandler' driver.
WARNING - 2026-07-29 13:28:46 --> [DEPRECATED] Creation of dynamic property App\Controllers\Apps\AppsController::$apps is deprecated in APPPATH/Controllers/Apps/AppsController.php on line 14.
 1 SYSTEMPATH/CodeIgniter.php(903): App\Controllers\Apps\AppsController->__construct()
 2 SYSTEMPATH/CodeIgniter.php(498): CodeIgniter\CodeIgniter->createController()
 3 SYSTEMPATH/CodeIgniter.php(354): CodeIgniter\CodeIgniter->handleRequest(null, Object(Config\Cache), false)
 4 SYSTEMPATH/Boot.php(334): CodeIgniter\CodeIgniter->run()
 5 SYSTEMPATH/Boot.php(67): CodeIgniter\Boot::runCodeIgniter(Object(CodeIgniter\CodeIgniter))
 6 FCPATH/index.php(56): CodeIgniter\Boot::bootWeb(Object(Config\Paths))
DEBUG - 2026-07-29 13:28:49 --> Session: Class initialized using 'CodeIgniter\Session\Handlers\FileHandler' driver.
WARNING - 2026-07-29 13:28:49 --> [DEPRECATED] Creation of dynamic property App\Controllers\Apps\FetchData::$apps is deprecated in APPPATH/Controllers/Apps/FetchData.php on line 21.
 1 SYSTEMPATH/CodeIgniter.php(903): App\Controllers\Apps\FetchData->__construct()
 2 SYSTEMPATH/CodeIgniter.php(498): CodeIgniter\CodeIgniter->createController()
 3 SYSTEMPATH/CodeIgniter.php(354): CodeIgniter\CodeIgniter->handleRequest(null, Object(Config\Cache), false)
 4 SYSTEMPATH/Boot.php(334): CodeIgniter\CodeIgniter->run()
 5 SYSTEMPATH/Boot.php(67): CodeIgniter\Boot::runCodeIgniter(Object(CodeIgniter\CodeIgniter))
 6 FCPATH/index.php(56): CodeIgniter\Boot::bootWeb(Object(Config\Paths))
DEBUG - 2026-07-29 13:29:02 --> Session: Class initialized using 'CodeIgniter\Session\Handlers\FileHandler' driver.
WARNING - 2026-07-29 13:29:03 --> [DEPRECATED] Creation of dynamic property App\Controllers\Apps\AppsController::$apps is deprecated in APPPATH/Controllers/Apps/AppsController.php on line 14.
 1 SYSTEMPATH/CodeIgniter.php(903): App\Controllers\Apps\AppsController->__construct()
 2 SYSTEMPATH/CodeIgniter.php(498): CodeIgniter\CodeIgniter->createController()
 3 SYSTEMPATH/CodeIgniter.php(354): CodeIgniter\CodeIgniter->handleRequest(null, Object(Config\Cache), false)
 4 SYSTEMPATH/Boot.php(334): CodeIgniter\CodeIgniter->run()
 5 SYSTEMPATH/Boot.php(67): CodeIgniter\Boot::runCodeIgniter(Object(CodeIgniter\CodeIgniter))
 6 FCPATH/index.php(56): CodeIgniter\Boot::bootWeb(Object(Config\Paths))
DEBUG - 2026-07-29 13:29:21 --> Session: Class initialized using 'CodeIgniter\Session\Handlers\FileHandler' driver.
WARNING - 2026-07-29 13:29:22 --> [DEPRECATED] Creation of dynamic property App\Controllers\Apps\AppsController::$apps is deprecated in APPPATH/Controllers/Apps/AppsController.php on line 14.
 1 SYSTEMPATH/CodeIgniter.php(903): App\Controllers\Apps\AppsController->__construct()
 2 SYSTEMPATH/CodeIgniter.php(498): CodeIgniter\CodeIgniter->createController()
 3 SYSTEMPATH/CodeIgniter.php(354): CodeIgniter\CodeIgniter->handleRequest(null, Object(Config\Cache), false)
 4 SYSTEMPATH/Boot.php(334): CodeIgniter\CodeIgniter->run()
 5 SYSTEMPATH/Boot.php(67): CodeIgniter\Boot::runCodeIgniter(Object(CodeIgniter\CodeIgniter))
 6 FCPATH/index.php(56): CodeIgniter\Boot::bootWeb(Object(Config\Paths))
CRITICAL - 2026-07-29 13:29:29 --> CodeIgniter\HTTP\Exceptions\BadRequestException: The URI you submitted has disallowed characters: "@dataTablesBund"
[Method: GET, Route: apps/assets/extensions/@dataTablesBund/pdfmake.min.js.map]
in SYSTEMPATH/Router/Router.php on line 739.
 1 SYSTEMPATH/Router/Router.php(207): CodeIgniter\Router\Router->checkDisallowedChars('apps/assets/extensions/@dataTablesBund/pdfmake.min.js.map')
 2 SYSTEMPATH/CodeIgniter.php(832): CodeIgniter\Router\Router->handle('apps/assets/extensions/@dataTablesBund/pdfmake.min.js.map')
 3 SYSTEMPATH/CodeIgniter.php(455): CodeIgniter\CodeIgniter->tryToRouteIt(Object(CodeIgniter\Router\RouteCollection))
 4 SYSTEMPATH/CodeIgniter.php(354): CodeIgniter\CodeIgniter->handleRequest(null, Object(Config\Cache), false)
 5 SYSTEMPATH/Boot.php(334): CodeIgniter\CodeIgniter->run()
 6 SYSTEMPATH/Boot.php(67): CodeIgniter\Boot::runCodeIgniter(Object(CodeIgniter\CodeIgniter))
 7 FCPATH/index.php(56): CodeIgniter\Boot::bootWeb(Object(Config\Paths))
DEBUG - 2026-07-29 13:31:06 --> Session: Class initialized using 'CodeIgniter\Session\Handlers\FileHandler' driver.
WARNING - 2026-07-29 13:31:06 --> [DEPRECATED] Creation of dynamic property App\Controllers\Apps\AppsController::$apps is deprecated in APPPATH/Controllers/Apps/AppsController.php on line 14.
 1 SYSTEMPATH/CodeIgniter.php(903): App\Controllers\Apps\AppsController->__construct()
 2 SYSTEMPATH/CodeIgniter.php(498): CodeIgniter\CodeIgniter->createController()
 3 SYSTEMPATH/CodeIgniter.php(354): CodeIgniter\CodeIgniter->handleRequest(null, Object(Config\Cache), false)
 4 SYSTEMPATH/Boot.php(334): CodeIgniter\CodeIgniter->run()
 5 SYSTEMPATH/Boot.php(67): CodeIgniter\Boot::runCodeIgniter(Object(CodeIgniter\CodeIgniter))
 6 FCPATH/index.php(56): CodeIgniter\Boot::bootWeb(Object(Config\Paths))
CRITICAL - 2026-07-29 13:31:09 --> CodeIgniter\HTTP\Exceptions\BadRequestException: The URI you submitted has disallowed characters: "@dataTablesBund"
[Method: GET, Route: apps/assets/extensions/@dataTablesBund/pdfmake.min.js.map]
in SYSTEMPATH/Router/Router.php on line 739.
 1 SYSTEMPATH/Router/Router.php(207): CodeIgniter\Router\Router->checkDisallowedChars('apps/assets/extensions/@dataTablesBund/pdfmake.min.js.map')
 2 SYSTEMPATH/CodeIgniter.php(832): CodeIgniter\Router\Router->handle('apps/assets/extensions/@dataTablesBund/pdfmake.min.js.map')
 3 SYSTEMPATH/CodeIgniter.php(455): CodeIgniter\CodeIgniter->tryToRouteIt(Object(CodeIgniter\Router\RouteCollection))
 4 SYSTEMPATH/CodeIgniter.php(354): CodeIgniter\CodeIgniter->handleRequest(null, Object(Config\Cache), false)
 5 SYSTEMPATH/Boot.php(334): CodeIgniter\CodeIgniter->run()
 6 SYSTEMPATH/Boot.php(67): CodeIgniter\Boot::runCodeIgniter(Object(CodeIgniter\CodeIgniter))
 7 FCPATH/index.php(56): CodeIgniter\Boot::bootWeb(Object(Config\Paths))
DEBUG - 2026-07-29 13:31:28 --> Session: Class initialized using 'CodeIgniter\Session\Handlers\FileHandler' driver.
WARNING - 2026-07-29 13:31:29 --> [DEPRECATED] Creation of dynamic property App\Controllers\Apps\AppsController::$apps is deprecated in APPPATH/Controllers/Apps/AppsController.php on line 14.
 1 SYSTEMPATH/CodeIgniter.php(903): App\Controllers\Apps\AppsController->__construct()
 2 SYSTEMPATH/CodeIgniter.php(498): CodeIgniter\CodeIgniter->createController()
 3 SYSTEMPATH/CodeIgniter.php(354): CodeIgniter\CodeIgniter->handleRequest(null, Object(Config\Cache), false)
 4 SYSTEMPATH/Boot.php(334): CodeIgniter\CodeIgniter->run()
 5 SYSTEMPATH/Boot.php(67): CodeIgniter\Boot::runCodeIgniter(Object(CodeIgniter\CodeIgniter))
 6 FCPATH/index.php(56): CodeIgniter\Boot::bootWeb(Object(Config\Paths))
CRITICAL - 2026-07-29 13:31:32 --> CodeIgniter\HTTP\Exceptions\BadRequestException: The URI you submitted has disallowed characters: "@dataTablesBund"
[Method: GET, Route: apps/assets/extensions/@dataTablesBund/pdfmake.min.js.map]
in SYSTEMPATH/Router/Router.php on line 739.
 1 SYSTEMPATH/Router/Router.php(207): CodeIgniter\Router\Router->checkDisallowedChars('apps/assets/extensions/@dataTablesBund/pdfmake.min.js.map')
 2 SYSTEMPATH/CodeIgniter.php(832): CodeIgniter\Router\Router->handle('apps/assets/extensions/@dataTablesBund/pdfmake.min.js.map')
 3 SYSTEMPATH/CodeIgniter.php(455): CodeIgniter\CodeIgniter->tryToRouteIt(Object(CodeIgniter\Router\RouteCollection))
 4 SYSTEMPATH/CodeIgniter.php(354): CodeIgniter\CodeIgniter->handleRequest(null, Object(Config\Cache), false)
 5 SYSTEMPATH/Boot.php(334): CodeIgniter\CodeIgniter->run()
 6 SYSTEMPATH/Boot.php(67): CodeIgniter\Boot::runCodeIgniter(Object(CodeIgniter\CodeIgniter))
 7 FCPATH/index.php(56): CodeIgniter\Boot::bootWeb(Object(Config\Paths))
DEBUG - 2026-07-29 13:33:21 --> Session: Class initialized using 'CodeIgniter\Session\Handlers\FileHandler' driver.
WARNING - 2026-07-29 13:33:22 --> [DEPRECATED] Creation of dynamic property App\Controllers\Apps\AppsController::$apps is deprecated in APPPATH/Controllers/Apps/AppsController.php on line 14.
 1 SYSTEMPATH/CodeIgniter.php(903): App\Controllers\Apps\AppsController->__construct()
 2 SYSTEMPATH/CodeIgniter.php(498): CodeIgniter\CodeIgniter->createController()
 3 SYSTEMPATH/CodeIgniter.php(354): CodeIgniter\CodeIgniter->handleRequest(null, Object(Config\Cache), false)
 4 SYSTEMPATH/Boot.php(334): CodeIgniter\CodeIgniter->run()
 5 SYSTEMPATH/Boot.php(67): CodeIgniter\Boot::runCodeIgniter(Object(CodeIgniter\CodeIgniter))
 6 FCPATH/index.php(56): CodeIgniter\Boot::bootWeb(Object(Config\Paths))
CRITICAL - 2026-07-29 13:33:24 --> CodeIgniter\HTTP\Exceptions\BadRequestException: The URI you submitted has disallowed characters: "@dataTablesBund"
[Method: GET, Route: apps/assets/extensions/@dataTablesBund/pdfmake.min.js.map]
in SYSTEMPATH/Router/Router.php on line 739.
 1 SYSTEMPATH/Router/Router.php(207): CodeIgniter\Router\Router->checkDisallowedChars('apps/assets/extensions/@dataTablesBund/pdfmake.min.js.map')
 2 SYSTEMPATH/CodeIgniter.php(832): CodeIgniter\Router\Router->handle('apps/assets/extensions/@dataTablesBund/pdfmake.min.js.map')
 3 SYSTEMPATH/CodeIgniter.php(455): CodeIgniter\CodeIgniter->tryToRouteIt(Object(CodeIgniter\Router\RouteCollection))
 4 SYSTEMPATH/CodeIgniter.php(354): CodeIgniter\CodeIgniter->handleRequest(null, Object(Config\Cache), false)
 5 SYSTEMPATH/Boot.php(334): CodeIgniter\CodeIgniter->run()
 6 SYSTEMPATH/Boot.php(67): CodeIgniter\Boot::runCodeIgniter(Object(CodeIgniter\CodeIgniter))
 7 FCPATH/index.php(56): CodeIgniter\Boot::bootWeb(Object(Config\Paths))
DEBUG - 2026-07-29 13:33:24 --> Session: Class initialized using 'CodeIgniter\Session\Handlers\FileHandler' driver.
WARNING - 2026-07-29 13:33:25 --> [DEPRECATED] Creation of dynamic property App\Controllers\Apps\FetchData::$apps is deprecated in APPPATH/Controllers/Apps/FetchData.php on line 21.
 1 SYSTEMPATH/CodeIgniter.php(903): App\Controllers\Apps\FetchData->__construct()
 2 SYSTEMPATH/CodeIgniter.php(498): CodeIgniter\CodeIgniter->createController()
 3 SYSTEMPATH/CodeIgniter.php(354): CodeIgniter\CodeIgniter->handleRequest(null, Object(Config\Cache), false)
 4 SYSTEMPATH/Boot.php(334): CodeIgniter\CodeIgniter->run()
 5 SYSTEMPATH/Boot.php(67): CodeIgniter\Boot::runCodeIgniter(Object(CodeIgniter\CodeIgniter))
 6 FCPATH/index.php(56): CodeIgniter\Boot::bootWeb(Object(Config\Paths))
DEBUG - 2026-07-29 13:33:33 --> Session: Class initialized using 'CodeIgniter\Session\Handlers\FileHandler' driver.
CRITICAL - 2026-07-29 13:33:36 --> CodeIgniter\HTTP\Exceptions\BadRequestException: The URI you submitted has disallowed characters: "@dataTablesBund"
[Method: GET, Route: apps/assets/extensions/@dataTablesBund/pdfmake.min.js.map]
in SYSTEMPATH/Router/Router.php on line 739.
 1 SYSTEMPATH/Router/Router.php(207): CodeIgniter\Router\Router->checkDisallowedChars('apps/assets/extensions/@dataTablesBund/pdfmake.min.js.map')
 2 SYSTEMPATH/CodeIgniter.php(832): CodeIgniter\Router\Router->handle('apps/assets/extensions/@dataTablesBund/pdfmake.min.js.map')
 3 SYSTEMPATH/CodeIgniter.php(455): CodeIgniter\CodeIgniter->tryToRouteIt(Object(CodeIgniter\Router\RouteCollection))
 4 SYSTEMPATH/CodeIgniter.php(354): CodeIgniter\CodeIgniter->handleRequest(null, Object(Config\Cache), false)
 5 SYSTEMPATH/Boot.php(334): CodeIgniter\CodeIgniter->run()
 6 SYSTEMPATH/Boot.php(67): CodeIgniter\Boot::runCodeIgniter(Object(CodeIgniter\CodeIgniter))
 7 FCPATH/index.php(56): CodeIgniter\Boot::bootWeb(Object(Config\Paths))
DEBUG - 2026-07-29 14:53:14 --> Session: Class initialized using 'CodeIgniter\Session\Handlers\FileHandler' driver.
DEBUG - 2026-07-29 14:54:03 --> Session: Class initialized using 'CodeIgniter\Session\Handlers\FileHandler' driver.
DEBUG - 2026-07-29 14:54:05 --> Session: Class initialized using 'CodeIgniter\Session\Handlers\FileHandler' driver.
WARNING - 2026-07-29 14:54:05 --> [DEPRECATED] Creation of dynamic property App\Controllers\Apps\AppsController::$apps is deprecated in APPPATH/Controllers/Apps/AppsController.php on line 14.
 1 SYSTEMPATH/CodeIgniter.php(903): App\Controllers\Apps\AppsController->__construct()
 2 SYSTEMPATH/CodeIgniter.php(498): CodeIgniter\CodeIgniter->createController()
 3 SYSTEMPATH/CodeIgniter.php(354): CodeIgniter\CodeIgniter->handleRequest(null, Object(Config\Cache), false)
 4 SYSTEMPATH/Boot.php(334): CodeIgniter\CodeIgniter->run()
 5 SYSTEMPATH/Boot.php(67): CodeIgniter\Boot::runCodeIgniter(Object(CodeIgniter\CodeIgniter))
 6 FCPATH/index.php(56): CodeIgniter\Boot::bootWeb(Object(Config\Paths))
DEBUG - 2026-07-29 14:54:06 --> Session: Class initialized using 'CodeIgniter\Session\Handlers\FileHandler' driver.
WARNING - 2026-07-29 14:54:07 --> [DEPRECATED] Creation of dynamic property App\Controllers\Apps\FetchData::$apps is deprecated in APPPATH/Controllers/Apps/FetchData.php on line 21.
 1 SYSTEMPATH/CodeIgniter.php(903): App\Controllers\Apps\FetchData->__construct()
 2 SYSTEMPATH/CodeIgniter.php(498): CodeIgniter\CodeIgniter->createController()
 3 SYSTEMPATH/CodeIgniter.php(354): CodeIgniter\CodeIgniter->handleRequest(null, Object(Config\Cache), false)
 4 SYSTEMPATH/Boot.php(334): CodeIgniter\CodeIgniter->run()
 5 SYSTEMPATH/Boot.php(67): CodeIgniter\Boot::runCodeIgniter(Object(CodeIgniter\CodeIgniter))
 6 FCPATH/index.php(56): CodeIgniter\Boot::bootWeb(Object(Config\Paths))
DEBUG - 2026-07-29 15:09:23 --> Session: Class initialized using 'CodeIgniter\Session\Handlers\FileHandler' driver.
WARNING - 2026-07-29 15:09:24 --> [DEPRECATED] Creation of dynamic property App\Controllers\Apps\SettingManagerController::$apps is deprecated in APPPATH/Controllers/BaseController.php on line 54.
 1 SYSTEMPATH/CodeIgniter.php(904): App\Controllers\BaseController->initController(Object(CodeIgniter\HTTP\IncomingRequest), Object(CodeIgniter\HTTP\Response), Object(CodeIgniter\Log\Logger))
 2 SYSTEMPATH/CodeIgniter.php(498): CodeIgniter\CodeIgniter->createController()
 3 SYSTEMPATH/CodeIgniter.php(354): CodeIgniter\CodeIgniter->handleRequest(null, Object(Config\Cache), false)
 4 SYSTEMPATH/Boot.php(334): CodeIgniter\CodeIgniter->run()
 5 SYSTEMPATH/Boot.php(67): CodeIgniter\Boot::runCodeIgniter(Object(CodeIgniter\CodeIgniter))
 6 FCPATH/index.php(56): CodeIgniter\Boot::bootWeb(Object(Config\Paths))
CRITICAL - 2026-07-29 15:10:19 --> CodeIgniter\HTTP\Exceptions\BadRequestException: The URI you submitted has disallowed characters: "@dataTablesBund"
[Method: GET, Route: apps/assets/extensions/@dataTablesBund/pdfmake.min.js.map]
in SYSTEMPATH/Router/Router.php on line 739.
 1 SYSTEMPATH/Router/Router.php(207): CodeIgniter\Router\Router->checkDisallowedChars('apps/assets/extensions/@dataTablesBund/pdfmake.min.js.map')
 2 SYSTEMPATH/CodeIgniter.php(832): CodeIgniter\Router\Router->handle('apps/assets/extensions/@dataTablesBund/pdfmake.min.js.map')
 3 SYSTEMPATH/CodeIgniter.php(455): CodeIgniter\CodeIgniter->tryToRouteIt(Object(CodeIgniter\Router\RouteCollection))
 4 SYSTEMPATH/CodeIgniter.php(354): CodeIgniter\CodeIgniter->handleRequest(null, Object(Config\Cache), false)
 5 SYSTEMPATH/Boot.php(334): CodeIgniter\CodeIgniter->run()
 6 SYSTEMPATH/Boot.php(67): CodeIgniter\Boot::runCodeIgniter(Object(CodeIgniter\CodeIgniter))
 7 FCPATH/index.php(56): CodeIgniter\Boot::bootWeb(Object(Config\Paths))
DEBUG - 2026-07-29 15:10:42 --> Session: Class initialized using 'CodeIgniter\Session\Handlers\FileHandler' driver.
WARNING - 2026-07-29 15:10:42 --> [DEPRECATED] Creation of dynamic property App\Controllers\Apps\SettingManagerController::$apps is deprecated in APPPATH/Controllers/BaseController.php on line 54.
 1 SYSTEMPATH/CodeIgniter.php(904): App\Controllers\BaseController->initController(Object(CodeIgniter\HTTP\IncomingRequest), Object(CodeIgniter\HTTP\Response), Object(CodeIgniter\Log\Logger))
 2 SYSTEMPATH/CodeIgniter.php(498): CodeIgniter\CodeIgniter->createController()
 3 SYSTEMPATH/CodeIgniter.php(354): CodeIgniter\CodeIgniter->handleRequest(null, Object(Config\Cache), false)
 4 SYSTEMPATH/Boot.php(334): CodeIgniter\CodeIgniter->run()
 5 SYSTEMPATH/Boot.php(67): CodeIgniter\Boot::runCodeIgniter(Object(CodeIgniter\CodeIgniter))
 6 FCPATH/index.php(56): CodeIgniter\Boot::bootWeb(Object(Config\Paths))
CRITICAL - 2026-07-29 15:10:45 --> CodeIgniter\HTTP\Exceptions\BadRequestException: The URI you submitted has disallowed characters: "@dataTablesBund"
[Method: GET, Route: apps/assets/extensions/@dataTablesBund/pdfmake.min.js.map]
in SYSTEMPATH/Router/Router.php on line 739.
 1 SYSTEMPATH/Router/Router.php(207): CodeIgniter\Router\Router->checkDisallowedChars('apps/assets/extensions/@dataTablesBund/pdfmake.min.js.map')
 2 SYSTEMPATH/CodeIgniter.php(832): CodeIgniter\Router\Router->handle('apps/assets/extensions/@dataTablesBund/pdfmake.min.js.map')
 3 SYSTEMPATH/CodeIgniter.php(455): CodeIgniter\CodeIgniter->tryToRouteIt(Object(CodeIgniter\Router\RouteCollection))
 4 SYSTEMPATH/CodeIgniter.php(354): CodeIgniter\CodeIgniter->handleRequest(null, Object(Config\Cache), false)
 5 SYSTEMPATH/Boot.php(334): CodeIgniter\CodeIgniter->run()
 6 SYSTEMPATH/Boot.php(67): CodeIgniter\Boot::runCodeIgniter(Object(CodeIgniter\CodeIgniter))
 7 FCPATH/index.php(56): CodeIgniter\Boot::bootWeb(Object(Config\Paths))
DEBUG - 2026-07-29 15:11:45 --> Session: Class initialized using 'CodeIgniter\Session\Handlers\FileHandler' driver.
WARNING - 2026-07-29 15:11:47 --> [DEPRECATED] Creation of dynamic property App\Controllers\Apps\SettingManagerController::$apps is deprecated in APPPATH/Controllers/BaseController.php on line 54.
 1 SYSTEMPATH/CodeIgniter.php(904): App\Controllers\BaseController->initController(Object(CodeIgniter\HTTP\IncomingRequest), Object(CodeIgniter\HTTP\Response), Object(CodeIgniter\Log\Logger))
 2 SYSTEMPATH/CodeIgniter.php(498): CodeIgniter\CodeIgniter->createController()
 3 SYSTEMPATH/CodeIgniter.php(354): CodeIgniter\CodeIgniter->handleRequest(null, Object(Config\Cache), false)
 4 SYSTEMPATH/Boot.php(334): CodeIgniter\CodeIgniter->run()
 5 SYSTEMPATH/Boot.php(67): CodeIgniter\Boot::runCodeIgniter(Object(CodeIgniter\CodeIgniter))
 6 FCPATH/index.php(56): CodeIgniter\Boot::bootWeb(Object(Config\Paths))
CRITICAL - 2026-07-29 15:11:53 --> CodeIgniter\HTTP\Exceptions\BadRequestException: The URI you submitted has disallowed characters: "@dataTablesBund"
[Method: GET, Route: apps/assets/extensions/@dataTablesBund/pdfmake.min.js.map]
in SYSTEMPATH/Router/Router.php on line 739.
 1 SYSTEMPATH/Router/Router.php(207): CodeIgniter\Router\Router->checkDisallowedChars('apps/assets/extensions/@dataTablesBund/pdfmake.min.js.map')
 2 SYSTEMPATH/CodeIgniter.php(832): CodeIgniter\Router\Router->handle('apps/assets/extensions/@dataTablesBund/pdfmake.min.js.map')
 3 SYSTEMPATH/CodeIgniter.php(455): CodeIgniter\CodeIgniter->tryToRouteIt(Object(CodeIgniter\Router\RouteCollection))
 4 SYSTEMPATH/CodeIgniter.php(354): CodeIgniter\CodeIgniter->handleRequest(null, Object(Config\Cache), false)
 5 SYSTEMPATH/Boot.php(334): CodeIgniter\CodeIgniter->run()
 6 SYSTEMPATH/Boot.php(67): CodeIgniter\Boot::runCodeIgniter(Object(CodeIgniter\CodeIgniter))
 7 FCPATH/index.php(56): CodeIgniter\Boot::bootWeb(Object(Config\Paths))
DEBUG - 2026-07-29 15:11:53 --> Session: Class initialized using 'CodeIgniter\Session\Handlers\FileHandler' driver.
WARNING - 2026-07-29 15:11:53 --> [DEPRECATED] Creation of dynamic property App\Controllers\Apps\SettingManagerController::$apps is deprecated in APPPATH/Controllers/BaseController.php on line 54.
 1 SYSTEMPATH/CodeIgniter.php(904): App\Controllers\BaseController->initController(Object(CodeIgniter\HTTP\IncomingRequest), Object(CodeIgniter\HTTP\Response), Object(CodeIgniter\Log\Logger))
 2 SYSTEMPATH/CodeIgniter.php(498): CodeIgniter\CodeIgniter->createController()
 3 SYSTEMPATH/CodeIgniter.php(354): CodeIgniter\CodeIgniter->handleRequest(null, Object(Config\Cache), false)
 4 SYSTEMPATH/Boot.php(334): CodeIgniter\CodeIgniter->run()
 5 SYSTEMPATH/Boot.php(67): CodeIgniter\Boot::runCodeIgniter(Object(CodeIgniter\CodeIgniter))
 6 FCPATH/index.php(56): CodeIgniter\Boot::bootWeb(Object(Config\Paths))
DEBUG - 2026-07-29 15:12:28 --> Session: Class initialized using 'CodeIgniter\Session\Handlers\FileHandler' driver.
WARNING - 2026-07-29 15:12:29 --> [DEPRECATED] Creation of dynamic property App\Controllers\Apps\SettingManagerController::$apps is deprecated in APPPATH/Controllers/BaseController.php on line 54.
 1 SYSTEMPATH/CodeIgniter.php(904): App\Controllers\BaseController->initController(Object(CodeIgniter\HTTP\IncomingRequest), Object(CodeIgniter\HTTP\Response), Object(CodeIgniter\Log\Logger))
 2 SYSTEMPATH/CodeIgniter.php(498): CodeIgniter\CodeIgniter->createController()
 3 SYSTEMPATH/CodeIgniter.php(354): CodeIgniter\CodeIgniter->handleRequest(null, Object(Config\Cache), false)
 4 SYSTEMPATH/Boot.php(334): CodeIgniter\CodeIgniter->run()
 5 SYSTEMPATH/Boot.php(67): CodeIgniter\Boot::runCodeIgniter(Object(CodeIgniter\CodeIgniter))
 6 FCPATH/index.php(56): CodeIgniter\Boot::bootWeb(Object(Config\Paths))
DEBUG - 2026-07-29 15:12:35 --> Session: Class initialized using 'CodeIgniter\Session\Handlers\FileHandler' driver.
CRITICAL - 2026-07-29 15:12:35 --> CodeIgniter\HTTP\Exceptions\BadRequestException: The URI you submitted has disallowed characters: "@dataTablesBund"
[Method: GET, Route: apps/assets/extensions/@dataTablesBund/pdfmake.min.js.map]
in SYSTEMPATH/Router/Router.php on line 739.
 1 SYSTEMPATH/Router/Router.php(207): CodeIgniter\Router\Router->checkDisallowedChars('apps/assets/extensions/@dataTablesBund/pdfmake.min.js.map')
 2 SYSTEMPATH/CodeIgniter.php(832): CodeIgniter\Router\Router->handle('apps/assets/extensions/@dataTablesBund/pdfmake.min.js.map')
 3 SYSTEMPATH/CodeIgniter.php(455): CodeIgniter\CodeIgniter->tryToRouteIt(Object(CodeIgniter\Router\RouteCollection))
 4 SYSTEMPATH/CodeIgniter.php(354): CodeIgniter\CodeIgniter->handleRequest(null, Object(Config\Cache), false)
 5 SYSTEMPATH/Boot.php(334): CodeIgniter\CodeIgniter->run()
 6 SYSTEMPATH/Boot.php(67): CodeIgniter\Boot::runCodeIgniter(Object(CodeIgniter\CodeIgniter))
 7 FCPATH/index.php(56): CodeIgniter\Boot::bootWeb(Object(Config\Paths))
WARNING - 2026-07-29 15:12:36 --> [DEPRECATED] Creation of dynamic property App\Controllers\Apps\SettingManagerController::$apps is deprecated in APPPATH/Controllers/BaseController.php on line 54.
 1 SYSTEMPATH/CodeIgniter.php(904): App\Controllers\BaseController->initController(Object(CodeIgniter\HTTP\IncomingRequest), Object(CodeIgniter\HTTP\Response), Object(CodeIgniter\Log\Logger))
 2 SYSTEMPATH/CodeIgniter.php(498): CodeIgniter\CodeIgniter->createController()
 3 SYSTEMPATH/CodeIgniter.php(354): CodeIgniter\CodeIgniter->handleRequest(null, Object(Config\Cache), false)
 4 SYSTEMPATH/Boot.php(334): CodeIgniter\CodeIgniter->run()
 5 SYSTEMPATH/Boot.php(67): CodeIgniter\Boot::runCodeIgniter(Object(CodeIgniter\CodeIgniter))
 6 FCPATH/index.php(56): CodeIgniter\Boot::bootWeb(Object(Config\Paths))
DEBUG - 2026-07-29 15:12:36 --> Session: Class initialized using 'CodeIgniter\Session\Handlers\FileHandler' driver.
WARNING - 2026-07-29 15:12:38 --> [DEPRECATED] Creation of dynamic property App\Controllers\Apps\SettingManagerController::$apps is deprecated in APPPATH/Controllers/BaseController.php on line 54.
 1 SYSTEMPATH/CodeIgniter.php(904): App\Controllers\BaseController->initController(Object(CodeIgniter\HTTP\IncomingRequest), Object(CodeIgniter\HTTP\Response), Object(CodeIgniter\Log\Logger))
 2 SYSTEMPATH/CodeIgniter.php(498): CodeIgniter\CodeIgniter->createController()
 3 SYSTEMPATH/CodeIgniter.php(354): CodeIgniter\CodeIgniter->handleRequest(null, Object(Config\Cache), false)
 4 SYSTEMPATH/Boot.php(334): CodeIgniter\CodeIgniter->run()
 5 SYSTEMPATH/Boot.php(67): CodeIgniter\Boot::runCodeIgniter(Object(CodeIgniter\CodeIgniter))
 6 FCPATH/index.php(56): CodeIgniter\Boot::bootWeb(Object(Config\Paths))
DEBUG - 2026-07-29 15:13:02 --> Session: Class initialized using 'CodeIgniter\Session\Handlers\FileHandler' driver.
WARNING - 2026-07-29 15:13:03 --> [DEPRECATED] Creation of dynamic property App\Controllers\Apps\SettingManagerController::$apps is deprecated in APPPATH/Controllers/BaseController.php on line 54.
 1 SYSTEMPATH/CodeIgniter.php(904): App\Controllers\BaseController->initController(Object(CodeIgniter\HTTP\IncomingRequest), Object(CodeIgniter\HTTP\Response), Object(CodeIgniter\Log\Logger))
 2 SYSTEMPATH/CodeIgniter.php(498): CodeIgniter\CodeIgniter->createController()
 3 SYSTEMPATH/CodeIgniter.php(354): CodeIgniter\CodeIgniter->handleRequest(null, Object(Config\Cache), false)
 4 SYSTEMPATH/Boot.php(334): CodeIgniter\CodeIgniter->run()
 5 SYSTEMPATH/Boot.php(67): CodeIgniter\Boot::runCodeIgniter(Object(CodeIgniter\CodeIgniter))
 6 FCPATH/index.php(56): CodeIgniter\Boot::bootWeb(Object(Config\Paths))
DEBUG - 2026-07-29 15:13:07 --> Session: Class initialized using 'CodeIgniter\Session\Handlers\FileHandler' driver.
CRITICAL - 2026-07-29 15:13:07 --> CodeIgniter\HTTP\Exceptions\BadRequestException: The URI you submitted has disallowed characters: "@dataTablesBund"
[Method: GET, Route: apps/assets/extensions/@dataTablesBund/pdfmake.min.js.map]
in SYSTEMPATH/Router/Router.php on line 739.
 1 SYSTEMPATH/Router/Router.php(207): CodeIgniter\Router\Router->checkDisallowedChars('apps/assets/extensions/@dataTablesBund/pdfmake.min.js.map')
 2 SYSTEMPATH/CodeIgniter.php(832): CodeIgniter\Router\Router->handle('apps/assets/extensions/@dataTablesBund/pdfmake.min.js.map')
 3 SYSTEMPATH/CodeIgniter.php(455): CodeIgniter\CodeIgniter->tryToRouteIt(Object(CodeIgniter\Router\RouteCollection))
 4 SYSTEMPATH/CodeIgniter.php(354): CodeIgniter\CodeIgniter->handleRequest(null, Object(Config\Cache), false)
 5 SYSTEMPATH/Boot.php(334): CodeIgniter\CodeIgniter->run()
 6 SYSTEMPATH/Boot.php(67): CodeIgniter\Boot::runCodeIgniter(Object(CodeIgniter\CodeIgniter))
 7 FCPATH/index.php(56): CodeIgniter\Boot::bootWeb(Object(Config\Paths))
WARNING - 2026-07-29 15:13:08 --> [DEPRECATED] Creation of dynamic property App\Controllers\Apps\SettingManagerController::$apps is deprecated in APPPATH/Controllers/BaseController.php on line 54.
 1 SYSTEMPATH/CodeIgniter.php(904): App\Controllers\BaseController->initController(Object(CodeIgniter\HTTP\IncomingRequest), Object(CodeIgniter\HTTP\Response), Object(CodeIgniter\Log\Logger))
 2 SYSTEMPATH/CodeIgniter.php(498): CodeIgniter\CodeIgniter->createController()
 3 SYSTEMPATH/CodeIgniter.php(354): CodeIgniter\CodeIgniter->handleRequest(null, Object(Config\Cache), false)
 4 SYSTEMPATH/Boot.php(334): CodeIgniter\CodeIgniter->run()
 5 SYSTEMPATH/Boot.php(67): CodeIgniter\Boot::runCodeIgniter(Object(CodeIgniter\CodeIgniter))
 6 FCPATH/index.php(56): CodeIgniter\Boot::bootWeb(Object(Config\Paths))
DEBUG - 2026-07-29 15:13:33 --> Session: Class initialized using 'CodeIgniter\Session\Handlers\FileHandler' driver.
WARNING - 2026-07-29 15:13:34 --> [DEPRECATED] Creation of dynamic property App\Controllers\Apps\SettingManagerController::$apps is deprecated in APPPATH/Controllers/BaseController.php on line 54.
 1 SYSTEMPATH/CodeIgniter.php(904): App\Controllers\BaseController->initController(Object(CodeIgniter\HTTP\IncomingRequest), Object(CodeIgniter\HTTP\Response), Object(CodeIgniter\Log\Logger))
 2 SYSTEMPATH/CodeIgniter.php(498): CodeIgniter\CodeIgniter->createController()
 3 SYSTEMPATH/CodeIgniter.php(354): CodeIgniter\CodeIgniter->handleRequest(null, Object(Config\Cache), false)
 4 SYSTEMPATH/Boot.php(334): CodeIgniter\CodeIgniter->run()
 5 SYSTEMPATH/Boot.php(67): CodeIgniter\Boot::runCodeIgniter(Object(CodeIgniter\CodeIgniter))
 6 FCPATH/index.php(56): CodeIgniter\Boot::bootWeb(Object(Config\Paths))
CRITICAL - 2026-07-29 15:13:40 --> CodeIgniter\HTTP\Exceptions\BadRequestException: The URI you submitted has disallowed characters: "@dataTablesBund"
[Method: GET, Route: apps/assets/extensions/@dataTablesBund/pdfmake.min.js.map]
in SYSTEMPATH/Router/Router.php on line 739.
 1 SYSTEMPATH/Router/Router.php(207): CodeIgniter\Router\Router->checkDisallowedChars('apps/assets/extensions/@dataTablesBund/pdfmake.min.js.map')
 2 SYSTEMPATH/CodeIgniter.php(832): CodeIgniter\Router\Router->handle('apps/assets/extensions/@dataTablesBund/pdfmake.min.js.map')
 3 SYSTEMPATH/CodeIgniter.php(455): CodeIgniter\CodeIgniter->tryToRouteIt(Object(CodeIgniter\Router\RouteCollection))
 4 SYSTEMPATH/CodeIgniter.php(354): CodeIgniter\CodeIgniter->handleRequest(null, Object(Config\Cache), false)
 5 SYSTEMPATH/Boot.php(334): CodeIgniter\CodeIgniter->run()
 6 SYSTEMPATH/Boot.php(67): CodeIgniter\Boot::runCodeIgniter(Object(CodeIgniter\CodeIgniter))
 7 FCPATH/index.php(56): CodeIgniter\Boot::bootWeb(Object(Config\Paths))
DEBUG - 2026-07-29 15:13:40 --> Session: Class initialized using 'CodeIgniter\Session\Handlers\FileHandler' driver.
WARNING - 2026-07-29 15:13:40 --> [DEPRECATED] Creation of dynamic property App\Controllers\Apps\SettingManagerController::$apps is deprecated in APPPATH/Controllers/BaseController.php on line 54.
 1 SYSTEMPATH/CodeIgniter.php(904): App\Controllers\BaseController->initController(Object(CodeIgniter\HTTP\IncomingRequest), Object(CodeIgniter\HTTP\Response), Object(CodeIgniter\Log\Logger))
 2 SYSTEMPATH/CodeIgniter.php(498): CodeIgniter\CodeIgniter->createController()
 3 SYSTEMPATH/CodeIgniter.php(354): CodeIgniter\CodeIgniter->handleRequest(null, Object(Config\Cache), false)
 4 SYSTEMPATH/Boot.php(334): CodeIgniter\CodeIgniter->run()
 5 SYSTEMPATH/Boot.php(67): CodeIgniter\Boot::runCodeIgniter(Object(CodeIgniter\CodeIgniter))
 6 FCPATH/index.php(56): CodeIgniter\Boot::bootWeb(Object(Config\Paths))
DEBUG - 2026-07-29 15:14:48 --> Session: Class initialized using 'CodeIgniter\Session\Handlers\FileHandler' driver.
WARNING - 2026-07-29 15:14:50 --> [DEPRECATED] Creation of dynamic property App\Controllers\Apps\SettingManagerController::$apps is deprecated in APPPATH/Controllers/BaseController.php on line 54.
 1 SYSTEMPATH/CodeIgniter.php(904): App\Controllers\BaseController->initController(Object(CodeIgniter\HTTP\IncomingRequest), Object(CodeIgniter\HTTP\Response), Object(CodeIgniter\Log\Logger))
 2 SYSTEMPATH/CodeIgniter.php(498): CodeIgniter\CodeIgniter->createController()
 3 SYSTEMPATH/CodeIgniter.php(354): CodeIgniter\CodeIgniter->handleRequest(null, Object(Config\Cache), false)
 4 SYSTEMPATH/Boot.php(334): CodeIgniter\CodeIgniter->run()
 5 SYSTEMPATH/Boot.php(67): CodeIgniter\Boot::runCodeIgniter(Object(CodeIgniter\CodeIgniter))
 6 FCPATH/index.php(56): CodeIgniter\Boot::bootWeb(Object(Config\Paths))
DEBUG - 2026-07-29 15:14:55 --> Session: Class initialized using 'CodeIgniter\Session\Handlers\FileHandler' driver.
WARNING - 2026-07-29 15:14:56 --> [DEPRECATED] Creation of dynamic property App\Controllers\Apps\SettingManagerController::$apps is deprecated in APPPATH/Controllers/BaseController.php on line 54.
 1 SYSTEMPATH/CodeIgniter.php(904): App\Controllers\BaseController->initController(Object(CodeIgniter\HTTP\IncomingRequest), Object(CodeIgniter\HTTP\Response), Object(CodeIgniter\Log\Logger))
 2 SYSTEMPATH/CodeIgniter.php(498): CodeIgniter\CodeIgniter->createController()
 3 SYSTEMPATH/CodeIgniter.php(354): CodeIgniter\CodeIgniter->handleRequest(null, Object(Config\Cache), false)
 4 SYSTEMPATH/Boot.php(334): CodeIgniter\CodeIgniter->run()
 5 SYSTEMPATH/Boot.php(67): CodeIgniter\Boot::runCodeIgniter(Object(CodeIgniter\CodeIgniter))
 6 FCPATH/index.php(56): CodeIgniter\Boot::bootWeb(Object(Config\Paths))
DEBUG - 2026-07-29 15:21:42 --> Session: Class initialized using 'CodeIgniter\Session\Handlers\FileHandler' driver.
WARNING - 2026-07-29 15:21:43 --> [DEPRECATED] Creation of dynamic property App\Controllers\Apps\AppsController::$apps is deprecated in APPPATH/Controllers/Apps/AppsController.php on line 14.
 1 SYSTEMPATH/CodeIgniter.php(903): App\Controllers\Apps\AppsController->__construct()
 2 SYSTEMPATH/CodeIgniter.php(498): CodeIgniter\CodeIgniter->createController()
 3 SYSTEMPATH/CodeIgniter.php(354): CodeIgniter\CodeIgniter->handleRequest(null, Object(Config\Cache), false)
 4 SYSTEMPATH/Boot.php(334): CodeIgniter\CodeIgniter->run()
 5 SYSTEMPATH/Boot.php(67): CodeIgniter\Boot::runCodeIgniter(Object(CodeIgniter\CodeIgniter))
 6 FCPATH/index.php(56): CodeIgniter\Boot::bootWeb(Object(Config\Paths))
DEBUG - 2026-07-29 15:21:48 --> Session: Class initialized using 'CodeIgniter\Session\Handlers\FileHandler' driver.
DEBUG - 2026-07-29 15:21:48 --> Session: Class initialized using 'CodeIgniter\Session\Handlers\FileHandler' driver.
WARNING - 2026-07-29 15:21:49 --> [DEPRECATED] Creation of dynamic property App\Controllers\Apps\FetchData::$apps is deprecated in APPPATH/Controllers/Apps/FetchData.php on line 21.
 1 SYSTEMPATH/CodeIgniter.php(903): App\Controllers\Apps\FetchData->__construct()
 2 SYSTEMPATH/CodeIgniter.php(498): CodeIgniter\CodeIgniter->createController()
 3 SYSTEMPATH/CodeIgniter.php(354): CodeIgniter\CodeIgniter->handleRequest(null, Object(Config\Cache), false)
 4 SYSTEMPATH/Boot.php(334): CodeIgniter\CodeIgniter->run()
 5 SYSTEMPATH/Boot.php(67): CodeIgniter\Boot::runCodeIgniter(Object(CodeIgniter\CodeIgniter))
 6 FCPATH/index.php(56): CodeIgniter\Boot::bootWeb(Object(Config\Paths))
DEBUG - 2026-07-29 15:23:45 --> Session: Class initialized using 'CodeIgniter\Session\Handlers\FileHandler' driver.
WARNING - 2026-07-29 15:23:46 --> [DEPRECATED] Creation of dynamic property App\Controllers\Apps\AppsController::$apps is deprecated in APPPATH/Controllers/Apps/AppsController.php on line 14.
 1 SYSTEMPATH/CodeIgniter.php(903): App\Controllers\Apps\AppsController->__construct()
 2 SYSTEMPATH/CodeIgniter.php(498): CodeIgniter\CodeIgniter->createController()
 3 SYSTEMPATH/CodeIgniter.php(354): CodeIgniter\CodeIgniter->handleRequest(null, Object(Config\Cache), false)
 4 SYSTEMPATH/Boot.php(334): CodeIgniter\CodeIgniter->run()
 5 SYSTEMPATH/Boot.php(67): CodeIgniter\Boot::runCodeIgniter(Object(CodeIgniter\CodeIgniter))
 6 FCPATH/index.php(56): CodeIgniter\Boot::bootWeb(Object(Config\Paths))
DEBUG - 2026-07-29 15:23:50 --> Session: Class initialized using 'CodeIgniter\Session\Handlers\FileHandler' driver.
WARNING - 2026-07-29 15:23:51 --> [DEPRECATED] Creation of dynamic property App\Controllers\Apps\FetchData::$apps is deprecated in APPPATH/Controllers/Apps/FetchData.php on line 21.
 1 SYSTEMPATH/CodeIgniter.php(903): App\Controllers\Apps\FetchData->__construct()
 2 SYSTEMPATH/CodeIgniter.php(498): CodeIgniter\CodeIgniter->createController()
 3 SYSTEMPATH/CodeIgniter.php(354): CodeIgniter\CodeIgniter->handleRequest(null, Object(Config\Cache), false)
 4 SYSTEMPATH/Boot.php(334): CodeIgniter\CodeIgniter->run()
 5 SYSTEMPATH/Boot.php(67): CodeIgniter\Boot::runCodeIgniter(Object(CodeIgniter\CodeIgniter))
 6 FCPATH/index.php(56): CodeIgniter\Boot::bootWeb(Object(Config\Paths))
DEBUG - 2026-07-29 15:23:57 --> Session: Class initialized using 'CodeIgniter\Session\Handlers\FileHandler' driver.
WARNING - 2026-07-29 15:23:58 --> [DEPRECATED] Creation of dynamic property App\Controllers\Apps\ActivityGalleryController::$apps is deprecated in APPPATH/Controllers/BaseController.php on line 54.
 1 SYSTEMPATH/CodeIgniter.php(904): App\Controllers\BaseController->initController(Object(CodeIgniter\HTTP\IncomingRequest), Object(CodeIgniter\HTTP\Response), Object(CodeIgniter\Log\Logger))
 2 SYSTEMPATH/CodeIgniter.php(498): CodeIgniter\CodeIgniter->createController()
 3 SYSTEMPATH/CodeIgniter.php(354): CodeIgniter\CodeIgniter->handleRequest(null, Object(Config\Cache), false)
 4 SYSTEMPATH/Boot.php(334): CodeIgniter\CodeIgniter->run()
 5 SYSTEMPATH/Boot.php(67): CodeIgniter\Boot::runCodeIgniter(Object(CodeIgniter\CodeIgniter))
 6 FCPATH/index.php(56): CodeIgniter\Boot::bootWeb(Object(Config\Paths))
DEBUG - 2026-07-29 15:31:11 --> Session: Class initialized using 'CodeIgniter\Session\Handlers\FileHandler' driver.
WARNING - 2026-07-29 15:31:12 --> [DEPRECATED] Creation of dynamic property App\Controllers\Apps\ActivityGalleryController::$apps is deprecated in APPPATH/Controllers/BaseController.php on line 54.
 1 SYSTEMPATH/CodeIgniter.php(904): App\Controllers\BaseController->initController(Object(CodeIgniter\HTTP\IncomingRequest), Object(CodeIgniter\HTTP\Response), Object(CodeIgniter\Log\Logger))
 2 SYSTEMPATH/CodeIgniter.php(498): CodeIgniter\CodeIgniter->createController()
 3 SYSTEMPATH/CodeIgniter.php(354): CodeIgniter\CodeIgniter->handleRequest(null, Object(Config\Cache), false)
 4 SYSTEMPATH/Boot.php(334): CodeIgniter\CodeIgniter->run()
 5 SYSTEMPATH/Boot.php(67): CodeIgniter\Boot::runCodeIgniter(Object(CodeIgniter\CodeIgniter))
 6 FCPATH/index.php(56): CodeIgniter\Boot::bootWeb(Object(Config\Paths))
DEBUG - 2026-07-29 15:33:21 --> Session: Class initialized using 'CodeIgniter\Session\Handlers\FileHandler' driver.
WARNING - 2026-07-29 15:33:22 --> [DEPRECATED] Creation of dynamic property App\Controllers\Apps\ActivityGalleryController::$apps is deprecated in APPPATH/Controllers/BaseController.php on line 54.
 1 SYSTEMPATH/CodeIgniter.php(904): App\Controllers\BaseController->initController(Object(CodeIgniter\HTTP\IncomingRequest), Object(CodeIgniter\HTTP\Response), Object(CodeIgniter\Log\Logger))
 2 SYSTEMPATH/CodeIgniter.php(498): CodeIgniter\CodeIgniter->createController()
 3 SYSTEMPATH/CodeIgniter.php(354): CodeIgniter\CodeIgniter->handleRequest(null, Object(Config\Cache), false)
 4 SYSTEMPATH/Boot.php(334): CodeIgniter\CodeIgniter->run()
 5 SYSTEMPATH/Boot.php(67): CodeIgniter\Boot::runCodeIgniter(Object(CodeIgniter\CodeIgniter))
 6 FCPATH/index.php(56): CodeIgniter\Boot::bootWeb(Object(Config\Paths))
DEBUG - 2026-07-29 15:35:19 --> Session: Class initialized using 'CodeIgniter\Session\Handlers\FileHandler' driver.
DEBUG - 2026-07-29 15:35:24 --> Session: Class initialized using 'CodeIgniter\Session\Handlers\FileHandler' driver.
DEBUG - 2026-07-29 15:35:25 --> Session: Class initialized using 'CodeIgniter\Session\Handlers\FileHandler' driver.
DEBUG - 2026-07-29 15:35:34 --> Session: Class initialized using 'CodeIgniter\Session\Handlers\FileHandler' driver.
DEBUG - 2026-07-29 15:35:45 --> Session: Class initialized using 'CodeIgniter\Session\Handlers\FileHandler' driver.
WARNING - 2026-07-29 15:35:46 --> [DEPRECATED] Creation of dynamic property App\Controllers\Apps\ActivityGalleryController::$apps is deprecated in APPPATH/Controllers/BaseController.php on line 54.
 1 SYSTEMPATH/CodeIgniter.php(904): App\Controllers\BaseController->initController(Object(CodeIgniter\HTTP\IncomingRequest), Object(CodeIgniter\HTTP\Response), Object(CodeIgniter\Log\Logger))
 2 SYSTEMPATH/CodeIgniter.php(498): CodeIgniter\CodeIgniter->createController()
 3 SYSTEMPATH/CodeIgniter.php(354): CodeIgniter\CodeIgniter->handleRequest(null, Object(Config\Cache), false)
 4 SYSTEMPATH/Boot.php(334): CodeIgniter\CodeIgniter->run()
 5 SYSTEMPATH/Boot.php(67): CodeIgniter\Boot::runCodeIgniter(Object(CodeIgniter\CodeIgniter))
 6 FCPATH/index.php(56): CodeIgniter\Boot::bootWeb(Object(Config\Paths))
DEBUG - 2026-07-29 15:36:05 --> Session: Class initialized using 'CodeIgniter\Session\Handlers\FileHandler' driver.
DEBUG - 2026-07-29 15:36:09 --> Session: Class initialized using 'CodeIgniter\Session\Handlers\FileHandler' driver.
DEBUG - 2026-07-29 15:36:10 --> Session: Class initialized using 'CodeIgniter\Session\Handlers\FileHandler' driver.
DEBUG - 2026-07-29 15:37:12 --> Session: Class initialized using 'CodeIgniter\Session\Handlers\FileHandler' driver.
DEBUG - 2026-07-29 15:38:06 --> Session: Class initialized using 'CodeIgniter\Session\Handlers\FileHandler' driver.
WARNING - 2026-07-29 15:38:07 --> [DEPRECATED] Creation of dynamic property App\Controllers\Apps\ActivityGalleryController::$apps is deprecated in APPPATH/Controllers/BaseController.php on line 54.
 1 SYSTEMPATH/CodeIgniter.php(904): App\Controllers\BaseController->initController(Object(CodeIgniter\HTTP\IncomingRequest), Object(CodeIgniter\HTTP\Response), Object(CodeIgniter\Log\Logger))
 2 SYSTEMPATH/CodeIgniter.php(498): CodeIgniter\CodeIgniter->createController()
 3 SYSTEMPATH/CodeIgniter.php(354): CodeIgniter\CodeIgniter->handleRequest(null, Object(Config\Cache), false)
 4 SYSTEMPATH/Boot.php(334): CodeIgniter\CodeIgniter->run()
 5 SYSTEMPATH/Boot.php(67): CodeIgniter\Boot::runCodeIgniter(Object(CodeIgniter\CodeIgniter))
 6 FCPATH/index.php(56): CodeIgniter\Boot::bootWeb(Object(Config\Paths))
DEBUG - 2026-07-29 15:39:06 --> Session: Class initialized using 'CodeIgniter\Session\Handlers\FileHandler' driver.
DEBUG - 2026-07-29 15:39:08 --> Session: Class initialized using 'CodeIgniter\Session\Handlers\FileHandler' driver.
WARNING - 2026-07-29 15:39:09 --> [DEPRECATED] Creation of dynamic property App\Controllers\Apps\ActivityGalleryController::$apps is deprecated in APPPATH/Controllers/BaseController.php on line 54.
 1 SYSTEMPATH/CodeIgniter.php(904): App\Controllers\BaseController->initController(Object(CodeIgniter\HTTP\IncomingRequest), Object(CodeIgniter\HTTP\Response), Object(CodeIgniter\Log\Logger))
 2 SYSTEMPATH/CodeIgniter.php(498): CodeIgniter\CodeIgniter->createController()
 3 SYSTEMPATH/CodeIgniter.php(354): CodeIgniter\CodeIgniter->handleRequest(null, Object(Config\Cache), false)
 4 SYSTEMPATH/Boot.php(334): CodeIgniter\CodeIgniter->run()
 5 SYSTEMPATH/Boot.php(67): CodeIgniter\Boot::runCodeIgniter(Object(CodeIgniter\CodeIgniter))
 6 FCPATH/index.php(56): CodeIgniter\Boot::bootWeb(Object(Config\Paths))
DEBUG - 2026-07-29 15:39:19 --> Session: Class initialized using 'CodeIgniter\Session\Handlers\FileHandler' driver.
WARNING - 2026-07-29 15:39:20 --> [DEPRECATED] Creation of dynamic property App\Controllers\Apps\ActivityGalleryController::$apps is deprecated in APPPATH/Controllers/BaseController.php on line 54.
 1 SYSTEMPATH/CodeIgniter.php(904): App\Controllers\BaseController->initController(Object(CodeIgniter\HTTP\IncomingRequest), Object(CodeIgniter\HTTP\Response), Object(CodeIgniter\Log\Logger))
 2 SYSTEMPATH/CodeIgniter.php(498): CodeIgniter\CodeIgniter->createController()
 3 SYSTEMPATH/CodeIgniter.php(354): CodeIgniter\CodeIgniter->handleRequest(null, Object(Config\Cache), false)
 4 SYSTEMPATH/Boot.php(334): CodeIgniter\CodeIgniter->run()
 5 SYSTEMPATH/Boot.php(67): CodeIgniter\Boot::runCodeIgniter(Object(CodeIgniter\CodeIgniter))
 6 FCPATH/index.php(56): CodeIgniter\Boot::bootWeb(Object(Config\Paths))
DEBUG - 2026-07-29 15:39:29 --> Session: Class initialized using 'CodeIgniter\Session\Handlers\FileHandler' driver.
WARNING - 2026-07-29 15:39:29 --> [DEPRECATED] Creation of dynamic property App\Controllers\Apps\ActivityGalleryController::$apps is deprecated in APPPATH/Controllers/BaseController.php on line 54.
 1 SYSTEMPATH/CodeIgniter.php(904): App\Controllers\BaseController->initController(Object(CodeIgniter\HTTP\IncomingRequest), Object(CodeIgniter\HTTP\Response), Object(CodeIgniter\Log\Logger))
 2 SYSTEMPATH/CodeIgniter.php(498): CodeIgniter\CodeIgniter->createController()
 3 SYSTEMPATH/CodeIgniter.php(354): CodeIgniter\CodeIgniter->handleRequest(null, Object(Config\Cache), false)
 4 SYSTEMPATH/Boot.php(334): CodeIgniter\CodeIgniter->run()
 5 SYSTEMPATH/Boot.php(67): CodeIgniter\Boot::runCodeIgniter(Object(CodeIgniter\CodeIgniter))
 6 FCPATH/index.php(56): CodeIgniter\Boot::bootWeb(Object(Config\Paths))
DEBUG - 2026-07-29 15:40:19 --> Session: Class initialized using 'CodeIgniter\Session\Handlers\FileHandler' driver.
WARNING - 2026-07-29 15:40:20 --> [DEPRECATED] Creation of dynamic property App\Controllers\Apps\ActivityGalleryController::$apps is deprecated in APPPATH/Controllers/BaseController.php on line 54.
 1 SYSTEMPATH/CodeIgniter.php(904): App\Controllers\BaseController->initController(Object(CodeIgniter\HTTP\IncomingRequest), Object(CodeIgniter\HTTP\Response), Object(CodeIgniter\Log\Logger))
 2 SYSTEMPATH/CodeIgniter.php(498): CodeIgniter\CodeIgniter->createController()
 3 SYSTEMPATH/CodeIgniter.php(354): CodeIgniter\CodeIgniter->handleRequest(null, Object(Config\Cache), false)
 4 SYSTEMPATH/Boot.php(334): CodeIgniter\CodeIgniter->run()
 5 SYSTEMPATH/Boot.php(67): CodeIgniter\Boot::runCodeIgniter(Object(CodeIgniter\CodeIgniter))
 6 FCPATH/index.php(56): CodeIgniter\Boot::bootWeb(Object(Config\Paths))
DEBUG - 2026-07-29 15:44:44 --> Session: Class initialized using 'CodeIgniter\Session\Handlers\FileHandler' driver.
WARNING - 2026-07-29 15:44:45 --> [DEPRECATED] Creation of dynamic property App\Controllers\Apps\ActivityGalleryController::$apps is deprecated in APPPATH/Controllers/BaseController.php on line 54.
 1 SYSTEMPATH/CodeIgniter.php(904): App\Controllers\BaseController->initController(Object(CodeIgniter\HTTP\IncomingRequest), Object(CodeIgniter\HTTP\Response), Object(CodeIgniter\Log\Logger))
 2 SYSTEMPATH/CodeIgniter.php(498): CodeIgniter\CodeIgniter->createController()
 3 SYSTEMPATH/CodeIgniter.php(354): CodeIgniter\CodeIgniter->handleRequest(null, Object(Config\Cache), false)
 4 SYSTEMPATH/Boot.php(334): CodeIgniter\CodeIgniter->run()
 5 SYSTEMPATH/Boot.php(67): CodeIgniter\Boot::runCodeIgniter(Object(CodeIgniter\CodeIgniter))
 6 FCPATH/index.php(56): CodeIgniter\Boot::bootWeb(Object(Config\Paths))
DEBUG - 2026-07-29 15:48:06 --> Session: Class initialized using 'CodeIgniter\Session\Handlers\FileHandler' driver.
WARNING - 2026-07-29 15:48:07 --> [DEPRECATED] Creation of dynamic property App\Controllers\Apps\ActivityGalleryController::$apps is deprecated in APPPATH/Controllers/BaseController.php on line 54.
 1 SYSTEMPATH/CodeIgniter.php(904): App\Controllers\BaseController->initController(Object(CodeIgniter\HTTP\IncomingRequest), Object(CodeIgniter\HTTP\Response), Object(CodeIgniter\Log\Logger))
 2 SYSTEMPATH/CodeIgniter.php(498): CodeIgniter\CodeIgniter->createController()
 3 SYSTEMPATH/CodeIgniter.php(354): CodeIgniter\CodeIgniter->handleRequest(null, Object(Config\Cache), false)
 4 SYSTEMPATH/Boot.php(334): CodeIgniter\CodeIgniter->run()
 5 SYSTEMPATH/Boot.php(67): CodeIgniter\Boot::runCodeIgniter(Object(CodeIgniter\CodeIgniter))
 6 FCPATH/index.php(56): CodeIgniter\Boot::bootWeb(Object(Config\Paths))
DEBUG - 2026-07-29 15:55:29 --> Session: Class initialized using 'CodeIgniter\Session\Handlers\FileHandler' driver.
DEBUG - 2026-07-29 15:55:33 --> Session: Class initialized using 'CodeIgniter\Session\Handlers\FileHandler' driver.
DEBUG - 2026-07-29 15:56:05 --> Session: Class initialized using 'CodeIgniter\Session\Handlers\FileHandler' driver.
DEBUG - 2026-07-29 15:56:08 --> Session: Class initialized using 'CodeIgniter\Session\Handlers\FileHandler' driver.
WARNING - 2026-07-29 15:56:09 --> [DEPRECATED] Creation of dynamic property App\Controllers\Apps\AppsController::$apps is deprecated in APPPATH/Controllers/Apps/AppsController.php on line 14.
 1 SYSTEMPATH/CodeIgniter.php(903): App\Controllers\Apps\AppsController->__construct()
 2 SYSTEMPATH/CodeIgniter.php(498): CodeIgniter\CodeIgniter->createController()
 3 SYSTEMPATH/CodeIgniter.php(354): CodeIgniter\CodeIgniter->handleRequest(null, Object(Config\Cache), false)
 4 SYSTEMPATH/Boot.php(334): CodeIgniter\CodeIgniter->run()
 5 SYSTEMPATH/Boot.php(67): CodeIgniter\Boot::runCodeIgniter(Object(CodeIgniter\CodeIgniter))
 6 FCPATH/index.php(56): CodeIgniter\Boot::bootWeb(Object(Config\Paths))
DEBUG - 2026-07-29 15:56:12 --> Session: Class initialized using 'CodeIgniter\Session\Handlers\FileHandler' driver.
WARNING - 2026-07-29 15:56:12 --> [DEPRECATED] Creation of dynamic property App\Controllers\Apps\FetchData::$apps is deprecated in APPPATH/Controllers/Apps/FetchData.php on line 21.
 1 SYSTEMPATH/CodeIgniter.php(903): App\Controllers\Apps\FetchData->__construct()
 2 SYSTEMPATH/CodeIgniter.php(498): CodeIgniter\CodeIgniter->createController()
 3 SYSTEMPATH/CodeIgniter.php(354): CodeIgniter\CodeIgniter->handleRequest(null, Object(Config\Cache), false)
 4 SYSTEMPATH/Boot.php(334): CodeIgniter\CodeIgniter->run()
 5 SYSTEMPATH/Boot.php(67): CodeIgniter\Boot::runCodeIgniter(Object(CodeIgniter\CodeIgniter))
 6 FCPATH/index.php(56): CodeIgniter\Boot::bootWeb(Object(Config\Paths))
DEBUG - 2026-07-29 15:56:41 --> Session: Class initialized using 'CodeIgniter\Session\Handlers\FileHandler' driver.
WARNING - 2026-07-29 15:56:41 --> [DEPRECATED] Creation of dynamic property App\Controllers\Apps\ActivityGalleryController::$apps is deprecated in APPPATH/Controllers/BaseController.php on line 54.
 1 SYSTEMPATH/CodeIgniter.php(904): App\Controllers\BaseController->initController(Object(CodeIgniter\HTTP\IncomingRequest), Object(CodeIgniter\HTTP\Response), Object(CodeIgniter\Log\Logger))
 2 SYSTEMPATH/CodeIgniter.php(498): CodeIgniter\CodeIgniter->createController()
 3 SYSTEMPATH/CodeIgniter.php(354): CodeIgniter\CodeIgniter->handleRequest(null, Object(Config\Cache), false)
 4 SYSTEMPATH/Boot.php(334): CodeIgniter\CodeIgniter->run()
 5 SYSTEMPATH/Boot.php(67): CodeIgniter\Boot::runCodeIgniter(Object(CodeIgniter\CodeIgniter))
 6 FCPATH/index.php(56): CodeIgniter\Boot::bootWeb(Object(Config\Paths))
DEBUG - 2026-07-29 16:07:06 --> Session: Class initialized using 'CodeIgniter\Session\Handlers\FileHandler' driver.
WARNING - 2026-07-29 16:07:06 --> [DEPRECATED] Creation of dynamic property App\Controllers\Apps\ActivityGalleryController::$apps is deprecated in APPPATH/Controllers/BaseController.php on line 54.
 1 SYSTEMPATH/CodeIgniter.php(904): App\Controllers\BaseController->initController(Object(CodeIgniter\HTTP\IncomingRequest), Object(CodeIgniter\HTTP\Response), Object(CodeIgniter\Log\Logger))
 2 SYSTEMPATH/CodeIgniter.php(498): CodeIgniter\CodeIgniter->createController()
 3 SYSTEMPATH/CodeIgniter.php(354): CodeIgniter\CodeIgniter->handleRequest(null, Object(Config\Cache), false)
 4 SYSTEMPATH/Boot.php(334): CodeIgniter\CodeIgniter->run()
 5 SYSTEMPATH/Boot.php(67): CodeIgniter\Boot::runCodeIgniter(Object(CodeIgniter\CodeIgniter))
 6 FCPATH/index.php(56): CodeIgniter\Boot::bootWeb(Object(Config\Paths))
ERROR - 2026-07-29 16:07:06 --> mysqli_sql_exception: Unknown column 'name' in 'order clause' in /var/www/html/vendor/codeigniter4/framework/system/Database/MySQLi/Connection.php:327
Stack trace:
#0 /var/www/html/vendor/codeigniter4/framework/system/Database/MySQLi/Connection.php(327): mysqli->query('SELECT *\nFROM `...', 0)
#1 /var/www/html/vendor/codeigniter4/framework/system/Database/BaseConnection.php(738): CodeIgniter\Database\MySQLi\Connection->execute('SELECT *\nFROM `...')
#2 /var/www/html/vendor/codeigniter4/framework/system/Database/BaseConnection.php(652): CodeIgniter\Database\BaseConnection->simpleQuery('SELECT *\nFROM `...')
#3 /var/www/html/vendor/codeigniter4/framework/system/Database/BaseBuilder.php(1649): CodeIgniter\Database\BaseConnection->query('SELECT *\nFROM `...', Array, false)
#4 /var/www/html/app/Models/Apps/ActivityGalleryModel.php(53): CodeIgniter\Database\BaseBuilder->get()
#5 /var/www/html/app/Controllers/Apps/ActivityGalleryController.php(24): App\Models\Apps\ActivityGalleryModel->getTimKerja()
#6 /var/www/html/vendor/codeigniter4/framework/system/CodeIgniter.php(933): App\Controllers\Apps\ActivityGalleryController->index()
#7 /var/www/html/vendor/codeigniter4/framework/system/CodeIgniter.php(507): CodeIgniter\CodeIgniter->runController(Object(App\Controllers\Apps\ActivityGalleryController))
#8 /var/www/html/vendor/codeigniter4/framework/system/CodeIgniter.php(354): CodeIgniter\CodeIgniter->handleRequest(NULL, Object(Config\Cache), false)
#9 /var/www/html/vendor/codeigniter4/framework/system/Boot.php(334): CodeIgniter\CodeIgniter->run()
#10 /var/www/html/vendor/codeigniter4/framework/system/Boot.php(67): CodeIgniter\Boot::runCodeIgniter(Object(CodeIgniter\CodeIgniter))
#11 /var/www/html/public/index.php(56): CodeIgniter\Boot::bootWeb(Object(Config\Paths))
#12 {main}
CRITICAL - 2026-07-29 16:07:07 --> CodeIgniter\Database\Exceptions\DatabaseException: Unknown column 'name' in 'order clause'
[Method: GET, Route: activity-gallery]
in SYSTEMPATH/Database/BaseConnection.php on line 692.
 1 SYSTEMPATH/Database/BaseBuilder.php(1649): CodeIgniter\Database\BaseConnection->query('SELECT *
FROM `data_timkerja`
WHERE `is_show` = :is_show:
ORDER BY `name` ASC', [...], false)
 2 APPPATH/Models/Apps/ActivityGalleryModel.php(53): CodeIgniter\Database\BaseBuilder->get()
 3 APPPATH/Controllers/Apps/ActivityGalleryController.php(24): App\Models\Apps\ActivityGalleryModel->getTimKerja()
 4 SYSTEMPATH/CodeIgniter.php(933): App\Controllers\Apps\ActivityGalleryController->index()
 5 SYSTEMPATH/CodeIgniter.php(507): CodeIgniter\CodeIgniter->runController(Object(App\Controllers\Apps\ActivityGalleryController))
 6 SYSTEMPATH/CodeIgniter.php(354): CodeIgniter\CodeIgniter->handleRequest(null, Object(Config\Cache), false)
 7 SYSTEMPATH/Boot.php(334): CodeIgniter\CodeIgniter->run()
 8 SYSTEMPATH/Boot.php(67): CodeIgniter\Boot::runCodeIgniter(Object(CodeIgniter\CodeIgniter))
 9 FCPATH/index.php(56): CodeIgniter\Boot::bootWeb(Object(Config\Paths))
CRITICAL - 2026-07-29 16:07:07 --> [Caused by] CodeIgniter\Database\Exceptions\DatabaseException: Unknown column 'name' in 'order clause'
in SYSTEMPATH/Database/MySQLi/Connection.php on line 332.
 1 SYSTEMPATH/Database/BaseConnection.php(738): CodeIgniter\Database\MySQLi\Connection->execute('SELECT *
FROM `data_timkerja`
WHERE `is_show` = 1
ORDER BY `name` ASC')
 2 SYSTEMPATH/Database/BaseConnection.php(652): CodeIgniter\Database\BaseConnection->simpleQuery('SELECT *
FROM `data_timkerja`
WHERE `is_show` = 1
ORDER BY `name` ASC')
 3 SYSTEMPATH/Database/BaseBuilder.php(1649): CodeIgniter\Database\BaseConnection->query('SELECT *
FROM `data_timkerja`
WHERE `is_show` = :is_show:
ORDER BY `name` ASC', [...], false)
 4 APPPATH/Models/Apps/ActivityGalleryModel.php(53): CodeIgniter\Database\BaseBuilder->get()
 5 APPPATH/Controllers/Apps/ActivityGalleryController.php(24): App\Models\Apps\ActivityGalleryModel->getTimKerja()
 6 SYSTEMPATH/CodeIgniter.php(933): App\Controllers\Apps\ActivityGalleryController->index()
 7 SYSTEMPATH/CodeIgniter.php(507): CodeIgniter\CodeIgniter->runController(Object(App\Controllers\Apps\ActivityGalleryController))
 8 SYSTEMPATH/CodeIgniter.php(354): CodeIgniter\CodeIgniter->handleRequest(null, Object(Config\Cache), false)
 9 SYSTEMPATH/Boot.php(334): CodeIgniter\CodeIgniter->run()
10 SYSTEMPATH/Boot.php(67): CodeIgniter\Boot::runCodeIgniter(Object(CodeIgniter\CodeIgniter))
11 FCPATH/index.php(56): CodeIgniter\Boot::bootWeb(Object(Config\Paths))
CRITICAL - 2026-07-29 16:07:07 --> [Caused by] mysqli_sql_exception: Unknown column 'name' in 'order clause'
in SYSTEMPATH/Database/MySQLi/Connection.php on line 327.
 1 SYSTEMPATH/Database/MySQLi/Connection.php(327): mysqli->query('SELECT *
FROM `data_timkerja`
WHERE `is_show` = 1
ORDER BY `name` ASC', 0)
 2 SYSTEMPATH/Database/BaseConnection.php(738): CodeIgniter\Database\MySQLi\Connection->execute('SELECT *
FROM `data_timkerja`
WHERE `is_show` = 1
ORDER BY `name` ASC')
 3 SYSTEMPATH/Database/BaseConnection.php(652): CodeIgniter\Database\BaseConnection->simpleQuery('SELECT *
FROM `data_timkerja`
WHERE `is_show` = 1
ORDER BY `name` ASC')
 4 SYSTEMPATH/Database/BaseBuilder.php(1649): CodeIgniter\Database\BaseConnection->query('SELECT *
FROM `data_timkerja`
WHERE `is_show` = :is_show:
ORDER BY `name` ASC', [...], false)
 5 APPPATH/Models/Apps/ActivityGalleryModel.php(53): CodeIgniter\Database\BaseBuilder->get()
 6 APPPATH/Controllers/Apps/ActivityGalleryController.php(24): App\Models\Apps\ActivityGalleryModel->getTimKerja()
 7 SYSTEMPATH/CodeIgniter.php(933): App\Controllers\Apps\ActivityGalleryController->index()
 8 SYSTEMPATH/CodeIgniter.php(507): CodeIgniter\CodeIgniter->runController(Object(App\Controllers\Apps\ActivityGalleryController))
 9 SYSTEMPATH/CodeIgniter.php(354): CodeIgniter\CodeIgniter->handleRequest(null, Object(Config\Cache), false)
10 SYSTEMPATH/Boot.php(334): CodeIgniter\CodeIgniter->run()
11 SYSTEMPATH/Boot.php(67): CodeIgniter\Boot::runCodeIgniter(Object(CodeIgniter\CodeIgniter))
12 FCPATH/index.php(56): CodeIgniter\Boot::bootWeb(Object(Config\Paths))
DEBUG - 2026-07-29 16:11:14 --> Session: Class initialized using 'CodeIgniter\Session\Handlers\FileHandler' driver.
WARNING - 2026-07-29 16:11:15 --> [DEPRECATED] Creation of dynamic property App\Controllers\Apps\ActivityGalleryController::$apps is deprecated in APPPATH/Controllers/BaseController.php on line 54.
 1 SYSTEMPATH/CodeIgniter.php(904): App\Controllers\BaseController->initController(Object(CodeIgniter\HTTP\IncomingRequest), Object(CodeIgniter\HTTP\Response), Object(CodeIgniter\Log\Logger))
 2 SYSTEMPATH/CodeIgniter.php(498): CodeIgniter\CodeIgniter->createController()
 3 SYSTEMPATH/CodeIgniter.php(354): CodeIgniter\CodeIgniter->handleRequest(null, Object(Config\Cache), false)
 4 SYSTEMPATH/Boot.php(334): CodeIgniter\CodeIgniter->run()
 5 SYSTEMPATH/Boot.php(67): CodeIgniter\Boot::runCodeIgniter(Object(CodeIgniter\CodeIgniter))
 6 FCPATH/index.php(56): CodeIgniter\Boot::bootWeb(Object(Config\Paths))
DEBUG - 2026-07-29 16:11:21 --> Session: Class initialized using 'CodeIgniter\Session\Handlers\FileHandler' driver.
WARNING - 2026-07-29 16:11:21 --> [DEPRECATED] Creation of dynamic property App\Controllers\Apps\ActivityGalleryController::$apps is deprecated in APPPATH/Controllers/BaseController.php on line 54.
 1 SYSTEMPATH/CodeIgniter.php(904): App\Controllers\BaseController->initController(Object(CodeIgniter\HTTP\IncomingRequest), Object(CodeIgniter\HTTP\Response), Object(CodeIgniter\Log\Logger))
 2 SYSTEMPATH/CodeIgniter.php(498): CodeIgniter\CodeIgniter->createController()
 3 SYSTEMPATH/CodeIgniter.php(354): CodeIgniter\CodeIgniter->handleRequest(null, Object(Config\Cache), false)
 4 SYSTEMPATH/Boot.php(334): CodeIgniter\CodeIgniter->run()
 5 SYSTEMPATH/Boot.php(67): CodeIgniter\Boot::runCodeIgniter(Object(CodeIgniter\CodeIgniter))
 6 FCPATH/index.php(56): CodeIgniter\Boot::bootWeb(Object(Config\Paths))
DEBUG - 2026-07-29 16:11:24 --> Session: Class initialized using 'CodeIgniter\Session\Handlers\FileHandler' driver.
WARNING - 2026-07-29 16:11:24 --> [DEPRECATED] Creation of dynamic property App\Controllers\Apps\ActivityGalleryController::$apps is deprecated in APPPATH/Controllers/BaseController.php on line 54.
 1 SYSTEMPATH/CodeIgniter.php(904): App\Controllers\BaseController->initController(Object(CodeIgniter\HTTP\IncomingRequest), Object(CodeIgniter\HTTP\Response), Object(CodeIgniter\Log\Logger))
 2 SYSTEMPATH/CodeIgniter.php(498): CodeIgniter\CodeIgniter->createController()
 3 SYSTEMPATH/CodeIgniter.php(354): CodeIgniter\CodeIgniter->handleRequest(null, Object(Config\Cache), false)
 4 SYSTEMPATH/Boot.php(334): CodeIgniter\CodeIgniter->run()
 5 SYSTEMPATH/Boot.php(67): CodeIgniter\Boot::runCodeIgniter(Object(CodeIgniter\CodeIgniter))
 6 FCPATH/index.php(56): CodeIgniter\Boot::bootWeb(Object(Config\Paths))
DEBUG - 2026-07-29 16:11:26 --> Session: Class initialized using 'CodeIgniter\Session\Handlers\FileHandler' driver.
WARNING - 2026-07-29 16:11:27 --> [DEPRECATED] Creation of dynamic property App\Controllers\Apps\ActivityGalleryController::$apps is deprecated in APPPATH/Controllers/BaseController.php on line 54.
 1 SYSTEMPATH/CodeIgniter.php(904): App\Controllers\BaseController->initController(Object(CodeIgniter\HTTP\IncomingRequest), Object(CodeIgniter\HTTP\Response), Object(CodeIgniter\Log\Logger))
 2 SYSTEMPATH/CodeIgniter.php(498): CodeIgniter\CodeIgniter->createController()
 3 SYSTEMPATH/CodeIgniter.php(354): CodeIgniter\CodeIgniter->handleRequest(null, Object(Config\Cache), false)
 4 SYSTEMPATH/Boot.php(334): CodeIgniter\CodeIgniter->run()
 5 SYSTEMPATH/Boot.php(67): CodeIgniter\Boot::runCodeIgniter(Object(CodeIgniter\CodeIgniter))
 6 FCPATH/index.php(56): CodeIgniter\Boot::bootWeb(Object(Config\Paths))
DEBUG - 2026-07-29 16:11:31 --> Session: Class initialized using 'CodeIgniter\Session\Handlers\FileHandler' driver.
WARNING - 2026-07-29 16:11:32 --> [DEPRECATED] Creation of dynamic property App\Controllers\Apps\ActivityGalleryController::$apps is deprecated in APPPATH/Controllers/BaseController.php on line 54.
 1 SYSTEMPATH/CodeIgniter.php(904): App\Controllers\BaseController->initController(Object(CodeIgniter\HTTP\IncomingRequest), Object(CodeIgniter\HTTP\Response), Object(CodeIgniter\Log\Logger))
 2 SYSTEMPATH/CodeIgniter.php(498): CodeIgniter\CodeIgniter->createController()
 3 SYSTEMPATH/CodeIgniter.php(354): CodeIgniter\CodeIgniter->handleRequest(null, Object(Config\Cache), false)
 4 SYSTEMPATH/Boot.php(334): CodeIgniter\CodeIgniter->run()
 5 SYSTEMPATH/Boot.php(67): CodeIgniter\Boot::runCodeIgniter(Object(CodeIgniter\CodeIgniter))
 6 FCPATH/index.php(56): CodeIgniter\Boot::bootWeb(Object(Config\Paths))
DEBUG - 2026-07-29 16:11:35 --> Session: Class initialized using 'CodeIgniter\Session\Handlers\FileHandler' driver.
WARNING - 2026-07-29 16:11:36 --> [DEPRECATED] Creation of dynamic property App\Controllers\Apps\ActivityGalleryController::$apps is deprecated in APPPATH/Controllers/BaseController.php on line 54.
 1 SYSTEMPATH/CodeIgniter.php(904): App\Controllers\BaseController->initController(Object(CodeIgniter\HTTP\IncomingRequest), Object(CodeIgniter\HTTP\Response), Object(CodeIgniter\Log\Logger))
 2 SYSTEMPATH/CodeIgniter.php(498): CodeIgniter\CodeIgniter->createController()
 3 SYSTEMPATH/CodeIgniter.php(354): CodeIgniter\CodeIgniter->handleRequest(null, Object(Config\Cache), false)
 4 SYSTEMPATH/Boot.php(334): CodeIgniter\CodeIgniter->run()
 5 SYSTEMPATH/Boot.php(67): CodeIgniter\Boot::runCodeIgniter(Object(CodeIgniter\CodeIgniter))
 6 FCPATH/index.php(56): CodeIgniter\Boot::bootWeb(Object(Config\Paths))
DEBUG - 2026-07-29 16:12:10 --> Session: Class initialized using 'CodeIgniter\Session\Handlers\FileHandler' driver.
WARNING - 2026-07-29 16:12:10 --> [DEPRECATED] Creation of dynamic property App\Controllers\Apps\ActivityGalleryController::$apps is deprecated in APPPATH/Controllers/BaseController.php on line 54.
 1 SYSTEMPATH/CodeIgniter.php(904): App\Controllers\BaseController->initController(Object(CodeIgniter\HTTP\IncomingRequest), Object(CodeIgniter\HTTP\Response), Object(CodeIgniter\Log\Logger))
 2 SYSTEMPATH/CodeIgniter.php(498): CodeIgniter\CodeIgniter->createController()
 3 SYSTEMPATH/CodeIgniter.php(354): CodeIgniter\CodeIgniter->handleRequest(null, Object(Config\Cache), false)
 4 SYSTEMPATH/Boot.php(334): CodeIgniter\CodeIgniter->run()
 5 SYSTEMPATH/Boot.php(67): CodeIgniter\Boot::runCodeIgniter(Object(CodeIgniter\CodeIgniter))
 6 FCPATH/index.php(56): CodeIgniter\Boot::bootWeb(Object(Config\Paths))
DEBUG - 2026-07-29 16:12:14 --> Session: Class initialized using 'CodeIgniter\Session\Handlers\FileHandler' driver.
WARNING - 2026-07-29 16:12:15 --> [DEPRECATED] Creation of dynamic property App\Controllers\Apps\ActivityGalleryController::$apps is deprecated in APPPATH/Controllers/BaseController.php on line 54.
 1 SYSTEMPATH/CodeIgniter.php(904): App\Controllers\BaseController->initController(Object(CodeIgniter\HTTP\IncomingRequest), Object(CodeIgniter\HTTP\Response), Object(CodeIgniter\Log\Logger))
 2 SYSTEMPATH/CodeIgniter.php(498): CodeIgniter\CodeIgniter->createController()
 3 SYSTEMPATH/CodeIgniter.php(354): CodeIgniter\CodeIgniter->handleRequest(null, Object(Config\Cache), false)
 4 SYSTEMPATH/Boot.php(334): CodeIgniter\CodeIgniter->run()
 5 SYSTEMPATH/Boot.php(67): CodeIgniter\Boot::runCodeIgniter(Object(CodeIgniter\CodeIgniter))
 6 FCPATH/index.php(56): CodeIgniter\Boot::bootWeb(Object(Config\Paths))
DEBUG - 2026-07-29 16:12:21 --> Session: Class initialized using 'CodeIgniter\Session\Handlers\FileHandler' driver.
DEBUG - 2026-07-29 16:12:28 --> Session: Class initialized using 'CodeIgniter\Session\Handlers\FileHandler' driver.
DEBUG - 2026-07-29 16:12:30 --> Session: Class initialized using 'CodeIgniter\Session\Handlers\FileHandler' driver.
DEBUG - 2026-07-29 16:12:30 --> Session: Class initialized using 'CodeIgniter\Session\Handlers\FileHandler' driver.
DEBUG - 2026-07-29 16:12:33 --> Session: Class initialized using 'CodeIgniter\Session\Handlers\FileHandler' driver.
DEBUG - 2026-07-29 16:12:35 --> Session: Class initialized using 'CodeIgniter\Session\Handlers\FileHandler' driver.
DEBUG - 2026-07-29 16:12:35 --> Session: Class initialized using 'CodeIgniter\Session\Handlers\FileHandler' driver.
DEBUG - 2026-07-29 16:12:36 --> Session: Class initialized using 'CodeIgniter\Session\Handlers\FileHandler' driver.
DEBUG - 2026-07-29 16:12:36 --> Session: Class initialized using 'CodeIgniter\Session\Handlers\FileHandler' driver.
DEBUG - 2026-07-29 16:12:36 --> Session: Class initialized using 'CodeIgniter\Session\Handlers\FileHandler' driver.
DEBUG - 2026-07-29 16:12:39 --> Session: Class initialized using 'CodeIgniter\Session\Handlers\FileHandler' driver.
DEBUG - 2026-07-29 16:12:42 --> Session: Class initialized using 'CodeIgniter\Session\Handlers\FileHandler' driver.
DEBUG - 2026-07-29 16:12:43 --> Session: Class initialized using 'CodeIgniter\Session\Handlers\FileHandler' driver.
DEBUG - 2026-07-29 16:12:47 --> Session: Class initialized using 'CodeIgniter\Session\Handlers\FileHandler' driver.
DEBUG - 2026-07-29 16:12:50 --> Session: Class initialized using 'CodeIgniter\Session\Handlers\FileHandler' driver.
DEBUG - 2026-07-29 16:12:50 --> Session: Class initialized using 'CodeIgniter\Session\Handlers\FileHandler' driver.
DEBUG - 2026-07-29 16:13:30 --> Session: Class initialized using 'CodeIgniter\Session\Handlers\FileHandler' driver.
WARNING - 2026-07-29 16:13:31 --> [DEPRECATED] Creation of dynamic property App\Controllers\Apps\ActivityGalleryController::$apps is deprecated in APPPATH/Controllers/BaseController.php on line 54.
 1 SYSTEMPATH/CodeIgniter.php(904): App\Controllers\BaseController->initController(Object(CodeIgniter\HTTP\IncomingRequest), Object(CodeIgniter\HTTP\Response), Object(CodeIgniter\Log\Logger))
 2 SYSTEMPATH/CodeIgniter.php(498): CodeIgniter\CodeIgniter->createController()
 3 SYSTEMPATH/CodeIgniter.php(354): CodeIgniter\CodeIgniter->handleRequest(null, Object(Config\Cache), false)
 4 SYSTEMPATH/Boot.php(334): CodeIgniter\CodeIgniter->run()
 5 SYSTEMPATH/Boot.php(67): CodeIgniter\Boot::runCodeIgniter(Object(CodeIgniter\CodeIgniter))
 6 FCPATH/index.php(56): CodeIgniter\Boot::bootWeb(Object(Config\Paths))
DEBUG - 2026-07-29 16:13:36 --> Session: Class initialized using 'CodeIgniter\Session\Handlers\FileHandler' driver.
WARNING - 2026-07-29 16:13:37 --> [DEPRECATED] Creation of dynamic property App\Controllers\Apps\ActivityGalleryController::$apps is deprecated in APPPATH/Controllers/BaseController.php on line 54.
 1 SYSTEMPATH/CodeIgniter.php(904): App\Controllers\BaseController->initController(Object(CodeIgniter\HTTP\IncomingRequest), Object(CodeIgniter\HTTP\Response), Object(CodeIgniter\Log\Logger))
 2 SYSTEMPATH/CodeIgniter.php(498): CodeIgniter\CodeIgniter->createController()
 3 SYSTEMPATH/CodeIgniter.php(354): CodeIgniter\CodeIgniter->handleRequest(null, Object(Config\Cache), false)
 4 SYSTEMPATH/Boot.php(334): CodeIgniter\CodeIgniter->run()
 5 SYSTEMPATH/Boot.php(67): CodeIgniter\Boot::runCodeIgniter(Object(CodeIgniter\CodeIgniter))
 6 FCPATH/index.php(56): CodeIgniter\Boot::bootWeb(Object(Config\Paths))
DEBUG - 2026-07-29 16:13:48 --> Session: Class initialized using 'CodeIgniter\Session\Handlers\FileHandler' driver.
WARNING - 2026-07-29 16:13:49 --> [DEPRECATED] Creation of dynamic property App\Controllers\Apps\ActivityGalleryController::$apps is deprecated in APPPATH/Controllers/BaseController.php on line 54.
 1 SYSTEMPATH/CodeIgniter.php(904): App\Controllers\BaseController->initController(Object(CodeIgniter\HTTP\IncomingRequest), Object(CodeIgniter\HTTP\Response), Object(CodeIgniter\Log\Logger))
 2 SYSTEMPATH/CodeIgniter.php(498): CodeIgniter\CodeIgniter->createController()
 3 SYSTEMPATH/CodeIgniter.php(354): CodeIgniter\CodeIgniter->handleRequest(null, Object(Config\Cache), false)
 4 SYSTEMPATH/Boot.php(334): CodeIgniter\CodeIgniter->run()
 5 SYSTEMPATH/Boot.php(67): CodeIgniter\Boot::runCodeIgniter(Object(CodeIgniter\CodeIgniter))
 6 FCPATH/index.php(56): CodeIgniter\Boot::bootWeb(Object(Config\Paths))
DEBUG - 2026-07-29 16:14:07 --> Session: Class initialized using 'CodeIgniter\Session\Handlers\FileHandler' driver.
WARNING - 2026-07-29 16:14:07 --> [DEPRECATED] Creation of dynamic property App\Controllers\Apps\ActivityGalleryController::$apps is deprecated in APPPATH/Controllers/BaseController.php on line 54.
 1 SYSTEMPATH/CodeIgniter.php(904): App\Controllers\BaseController->initController(Object(CodeIgniter\HTTP\IncomingRequest), Object(CodeIgniter\HTTP\Response), Object(CodeIgniter\Log\Logger))
 2 SYSTEMPATH/CodeIgniter.php(498): CodeIgniter\CodeIgniter->createController()
 3 SYSTEMPATH/CodeIgniter.php(354): CodeIgniter\CodeIgniter->handleRequest(null, Object(Config\Cache), false)
 4 SYSTEMPATH/Boot.php(334): CodeIgniter\CodeIgniter->run()
 5 SYSTEMPATH/Boot.php(67): CodeIgniter\Boot::runCodeIgniter(Object(CodeIgniter\CodeIgniter))
 6 FCPATH/index.php(56): CodeIgniter\Boot::bootWeb(Object(Config\Paths))
DEBUG - 2026-07-29 16:14:10 --> Session: Class initialized using 'CodeIgniter\Session\Handlers\FileHandler' driver.
DEBUG - 2026-07-29 16:14:11 --> Session: Class initialized using 'CodeIgniter\Session\Handlers\FileHandler' driver.
WARNING - 2026-07-29 16:14:11 --> [DEPRECATED] Creation of dynamic property App\Controllers\Apps\ActivityGalleryController::$apps is deprecated in APPPATH/Controllers/BaseController.php on line 54.
 1 SYSTEMPATH/CodeIgniter.php(904): App\Controllers\BaseController->initController(Object(CodeIgniter\HTTP\IncomingRequest), Object(CodeIgniter\HTTP\Response), Object(CodeIgniter\Log\Logger))
 2 SYSTEMPATH/CodeIgniter.php(498): CodeIgniter\CodeIgniter->createController()
 3 SYSTEMPATH/CodeIgniter.php(354): CodeIgniter\CodeIgniter->handleRequest(null, Object(Config\Cache), false)
 4 SYSTEMPATH/Boot.php(334): CodeIgniter\CodeIgniter->run()
 5 SYSTEMPATH/Boot.php(67): CodeIgniter\Boot::runCodeIgniter(Object(CodeIgniter\CodeIgniter))
 6 FCPATH/index.php(56): CodeIgniter\Boot::bootWeb(Object(Config\Paths))
DEBUG - 2026-07-29 16:15:02 --> Session: Class initialized using 'CodeIgniter\Session\Handlers\FileHandler' driver.
DEBUG - 2026-07-29 16:15:05 --> Session: Class initialized using 'CodeIgniter\Session\Handlers\FileHandler' driver.
DEBUG - 2026-07-29 16:15:43 --> Session: Class initialized using 'CodeIgniter\Session\Handlers\FileHandler' driver.
WARNING - 2026-07-29 16:15:43 --> [DEPRECATED] Creation of dynamic property App\Controllers\Apps\ActivityGalleryController::$apps is deprecated in APPPATH/Controllers/BaseController.php on line 54.
 1 SYSTEMPATH/CodeIgniter.php(904): App\Controllers\BaseController->initController(Object(CodeIgniter\HTTP\IncomingRequest), Object(CodeIgniter\HTTP\Response), Object(CodeIgniter\Log\Logger))
 2 SYSTEMPATH/CodeIgniter.php(498): CodeIgniter\CodeIgniter->createController()
 3 SYSTEMPATH/CodeIgniter.php(354): CodeIgniter\CodeIgniter->handleRequest(null, Object(Config\Cache), false)
 4 SYSTEMPATH/Boot.php(334): CodeIgniter\CodeIgniter->run()
 5 SYSTEMPATH/Boot.php(67): CodeIgniter\Boot::runCodeIgniter(Object(CodeIgniter\CodeIgniter))
 6 FCPATH/index.php(56): CodeIgniter\Boot::bootWeb(Object(Config\Paths))
DEBUG - 2026-07-29 16:15:43 --> Session: Class initialized using 'CodeIgniter\Session\Handlers\FileHandler' driver.
WARNING - 2026-07-29 16:15:44 --> [DEPRECATED] Creation of dynamic property App\Controllers\Apps\ActivityGalleryController::$apps is deprecated in APPPATH/Controllers/BaseController.php on line 54.
 1 SYSTEMPATH/CodeIgniter.php(904): App\Controllers\BaseController->initController(Object(CodeIgniter\HTTP\IncomingRequest), Object(CodeIgniter\HTTP\Response), Object(CodeIgniter\Log\Logger))
 2 SYSTEMPATH/CodeIgniter.php(498): CodeIgniter\CodeIgniter->createController()
 3 SYSTEMPATH/CodeIgniter.php(354): CodeIgniter\CodeIgniter->handleRequest(null, Object(Config\Cache), false)
 4 SYSTEMPATH/Boot.php(334): CodeIgniter\CodeIgniter->run()
 5 SYSTEMPATH/Boot.php(67): CodeIgniter\Boot::runCodeIgniter(Object(CodeIgniter\CodeIgniter))
 6 FCPATH/index.php(56): CodeIgniter\Boot::bootWeb(Object(Config\Paths))
DEBUG - 2026-07-29 16:15:44 --> Session: Class initialized using 'CodeIgniter\Session\Handlers\FileHandler' driver.
WARNING - 2026-07-29 16:15:44 --> [DEPRECATED] Creation of dynamic property App\Controllers\Apps\ActivityGalleryController::$apps is deprecated in APPPATH/Controllers/BaseController.php on line 54.
 1 SYSTEMPATH/CodeIgniter.php(904): App\Controllers\BaseController->initController(Object(CodeIgniter\HTTP\IncomingRequest), Object(CodeIgniter\HTTP\Response), Object(CodeIgniter\Log\Logger))
 2 SYSTEMPATH/CodeIgniter.php(498): CodeIgniter\CodeIgniter->createController()
 3 SYSTEMPATH/CodeIgniter.php(354): CodeIgniter\CodeIgniter->handleRequest(null, Object(Config\Cache), false)
 4 SYSTEMPATH/Boot.php(334): CodeIgniter\CodeIgniter->run()
 5 SYSTEMPATH/Boot.php(67): CodeIgniter\Boot::runCodeIgniter(Object(CodeIgniter\CodeIgniter))
 6 FCPATH/index.php(56): CodeIgniter\Boot::bootWeb(Object(Config\Paths))
DEBUG - 2026-07-29 16:15:48 --> Session: Class initialized using 'CodeIgniter\Session\Handlers\FileHandler' driver.
WARNING - 2026-07-29 16:15:49 --> [DEPRECATED] Creation of dynamic property App\Controllers\Apps\ActivityGalleryController::$apps is deprecated in APPPATH/Controllers/BaseController.php on line 54.
 1 SYSTEMPATH/CodeIgniter.php(904): App\Controllers\BaseController->initController(Object(CodeIgniter\HTTP\IncomingRequest), Object(CodeIgniter\HTTP\Response), Object(CodeIgniter\Log\Logger))
 2 SYSTEMPATH/CodeIgniter.php(498): CodeIgniter\CodeIgniter->createController()
 3 SYSTEMPATH/CodeIgniter.php(354): CodeIgniter\CodeIgniter->handleRequest(null, Object(Config\Cache), false)
 4 SYSTEMPATH/Boot.php(334): CodeIgniter\CodeIgniter->run()
 5 SYSTEMPATH/Boot.php(67): CodeIgniter\Boot::runCodeIgniter(Object(CodeIgniter\CodeIgniter))
 6 FCPATH/index.php(56): CodeIgniter\Boot::bootWeb(Object(Config\Paths))
DEBUG - 2026-07-29 16:18:33 --> Session: Class initialized using 'CodeIgniter\Session\Handlers\FileHandler' driver.
WARNING - 2026-07-29 16:18:34 --> [DEPRECATED] Creation of dynamic property App\Controllers\Apps\ActivityGalleryController::$apps is deprecated in APPPATH/Controllers/BaseController.php on line 54.
 1 SYSTEMPATH/CodeIgniter.php(904): App\Controllers\BaseController->initController(Object(CodeIgniter\HTTP\IncomingRequest), Object(CodeIgniter\HTTP\Response), Object(CodeIgniter\Log\Logger))
 2 SYSTEMPATH/CodeIgniter.php(498): CodeIgniter\CodeIgniter->createController()
 3 SYSTEMPATH/CodeIgniter.php(354): CodeIgniter\CodeIgniter->handleRequest(null, Object(Config\Cache), false)
 4 SYSTEMPATH/Boot.php(334): CodeIgniter\CodeIgniter->run()
 5 SYSTEMPATH/Boot.php(67): CodeIgniter\Boot::runCodeIgniter(Object(CodeIgniter\CodeIgniter))
 6 FCPATH/index.php(56): CodeIgniter\Boot::bootWeb(Object(Config\Paths))
DEBUG - 2026-07-29 16:18:41 --> Session: Class initialized using 'CodeIgniter\Session\Handlers\FileHandler' driver.
WARNING - 2026-07-29 16:18:41 --> [DEPRECATED] Creation of dynamic property App\Controllers\Apps\ActivityGalleryController::$apps is deprecated in APPPATH/Controllers/BaseController.php on line 54.
 1 SYSTEMPATH/CodeIgniter.php(904): App\Controllers\BaseController->initController(Object(CodeIgniter\HTTP\IncomingRequest), Object(CodeIgniter\HTTP\Response), Object(CodeIgniter\Log\Logger))
 2 SYSTEMPATH/CodeIgniter.php(498): CodeIgniter\CodeIgniter->createController()
 3 SYSTEMPATH/CodeIgniter.php(354): CodeIgniter\CodeIgniter->handleRequest(null, Object(Config\Cache), false)
 4 SYSTEMPATH/Boot.php(334): CodeIgniter\CodeIgniter->run()
 5 SYSTEMPATH/Boot.php(67): CodeIgniter\Boot::runCodeIgniter(Object(CodeIgniter\CodeIgniter))
 6 FCPATH/index.php(56): CodeIgniter\Boot::bootWeb(Object(Config\Paths))
DEBUG - 2026-07-29 16:19:31 --> Session: Class initialized using 'CodeIgniter\Session\Handlers\FileHandler' driver.
WARNING - 2026-07-29 16:19:32 --> [DEPRECATED] Creation of dynamic property App\Controllers\Apps\ActivityGalleryController::$apps is deprecated in APPPATH/Controllers/BaseController.php on line 54.
 1 SYSTEMPATH/CodeIgniter.php(904): App\Controllers\BaseController->initController(Object(CodeIgniter\HTTP\IncomingRequest), Object(CodeIgniter\HTTP\Response), Object(CodeIgniter\Log\Logger))
 2 SYSTEMPATH/CodeIgniter.php(498): CodeIgniter\CodeIgniter->createController()
 3 SYSTEMPATH/CodeIgniter.php(354): CodeIgniter\CodeIgniter->handleRequest(null, Object(Config\Cache), false)
 4 SYSTEMPATH/Boot.php(334): CodeIgniter\CodeIgniter->run()
 5 SYSTEMPATH/Boot.php(67): CodeIgniter\Boot::runCodeIgniter(Object(CodeIgniter\CodeIgniter))
 6 FCPATH/index.php(56): CodeIgniter\Boot::bootWeb(Object(Config\Paths))
DEBUG - 2026-07-29 16:19:35 --> Session: Class initialized using 'CodeIgniter\Session\Handlers\FileHandler' driver.
WARNING - 2026-07-29 16:19:35 --> [DEPRECATED] Creation of dynamic property App\Controllers\Apps\ActivityGalleryController::$apps is deprecated in APPPATH/Controllers/BaseController.php on line 54.
 1 SYSTEMPATH/CodeIgniter.php(904): App\Controllers\BaseController->initController(Object(CodeIgniter\HTTP\IncomingRequest), Object(CodeIgniter\HTTP\Response), Object(CodeIgniter\Log\Logger))
 2 SYSTEMPATH/CodeIgniter.php(498): CodeIgniter\CodeIgniter->createController()
 3 SYSTEMPATH/CodeIgniter.php(354): CodeIgniter\CodeIgniter->handleRequest(null, Object(Config\Cache), false)
 4 SYSTEMPATH/Boot.php(334): CodeIgniter\CodeIgniter->run()
 5 SYSTEMPATH/Boot.php(67): CodeIgniter\Boot::runCodeIgniter(Object(CodeIgniter\CodeIgniter))
 6 FCPATH/index.php(56): CodeIgniter\Boot::bootWeb(Object(Config\Paths))
DEBUG - 2026-07-29 16:19:35 --> Session: Class initialized using 'CodeIgniter\Session\Handlers\FileHandler' driver.
WARNING - 2026-07-29 16:19:35 --> [DEPRECATED] Creation of dynamic property App\Controllers\Apps\ActivityGalleryController::$apps is deprecated in APPPATH/Controllers/BaseController.php on line 54.
 1 SYSTEMPATH/CodeIgniter.php(904): App\Controllers\BaseController->initController(Object(CodeIgniter\HTTP\IncomingRequest), Object(CodeIgniter\HTTP\Response), Object(CodeIgniter\Log\Logger))
 2 SYSTEMPATH/CodeIgniter.php(498): CodeIgniter\CodeIgniter->createController()
 3 SYSTEMPATH/CodeIgniter.php(354): CodeIgniter\CodeIgniter->handleRequest(null, Object(Config\Cache), false)
 4 SYSTEMPATH/Boot.php(334): CodeIgniter\CodeIgniter->run()
 5 SYSTEMPATH/Boot.php(67): CodeIgniter\Boot::runCodeIgniter(Object(CodeIgniter\CodeIgniter))
 6 FCPATH/index.php(56): CodeIgniter\Boot::bootWeb(Object(Config\Paths))
DEBUG - 2026-07-29 16:19:38 --> Session: Class initialized using 'CodeIgniter\Session\Handlers\FileHandler' driver.
WARNING - 2026-07-29 16:19:39 --> [DEPRECATED] Creation of dynamic property App\Controllers\Apps\ActivityGalleryController::$apps is deprecated in APPPATH/Controllers/BaseController.php on line 54.
 1 SYSTEMPATH/CodeIgniter.php(904): App\Controllers\BaseController->initController(Object(CodeIgniter\HTTP\IncomingRequest), Object(CodeIgniter\HTTP\Response), Object(CodeIgniter\Log\Logger))
 2 SYSTEMPATH/CodeIgniter.php(498): CodeIgniter\CodeIgniter->createController()
 3 SYSTEMPATH/CodeIgniter.php(354): CodeIgniter\CodeIgniter->handleRequest(null, Object(Config\Cache), false)
 4 SYSTEMPATH/Boot.php(334): CodeIgniter\CodeIgniter->run()
 5 SYSTEMPATH/Boot.php(67): CodeIgniter\Boot::runCodeIgniter(Object(CodeIgniter\CodeIgniter))
 6 FCPATH/index.php(56): CodeIgniter\Boot::bootWeb(Object(Config\Paths))
DEBUG - 2026-07-29 16:19:39 --> Session: Class initialized using 'CodeIgniter\Session\Handlers\FileHandler' driver.
WARNING - 2026-07-29 16:19:40 --> [DEPRECATED] Creation of dynamic property App\Controllers\Apps\ActivityGalleryController::$apps is deprecated in APPPATH/Controllers/BaseController.php on line 54.
 1 SYSTEMPATH/CodeIgniter.php(904): App\Controllers\BaseController->initController(Object(CodeIgniter\HTTP\IncomingRequest), Object(CodeIgniter\HTTP\Response), Object(CodeIgniter\Log\Logger))
 2 SYSTEMPATH/CodeIgniter.php(498): CodeIgniter\CodeIgniter->createController()
 3 SYSTEMPATH/CodeIgniter.php(354): CodeIgniter\CodeIgniter->handleRequest(null, Object(Config\Cache), false)
 4 SYSTEMPATH/Boot.php(334): CodeIgniter\CodeIgniter->run()
 5 SYSTEMPATH/Boot.php(67): CodeIgniter\Boot::runCodeIgniter(Object(CodeIgniter\CodeIgniter))
 6 FCPATH/index.php(56): CodeIgniter\Boot::bootWeb(Object(Config\Paths))
DEBUG - 2026-07-29 16:19:56 --> Session: Class initialized using 'CodeIgniter\Session\Handlers\FileHandler' driver.
WARNING - 2026-07-29 16:19:57 --> [DEPRECATED] Creation of dynamic property App\Controllers\Apps\ActivityGalleryController::$apps is deprecated in APPPATH/Controllers/BaseController.php on line 54.
 1 SYSTEMPATH/CodeIgniter.php(904): App\Controllers\BaseController->initController(Object(CodeIgniter\HTTP\IncomingRequest), Object(CodeIgniter\HTTP\Response), Object(CodeIgniter\Log\Logger))
 2 SYSTEMPATH/CodeIgniter.php(498): CodeIgniter\CodeIgniter->createController()
 3 SYSTEMPATH/CodeIgniter.php(354): CodeIgniter\CodeIgniter->handleRequest(null, Object(Config\Cache), false)
 4 SYSTEMPATH/Boot.php(334): CodeIgniter\CodeIgniter->run()
 5 SYSTEMPATH/Boot.php(67): CodeIgniter\Boot::runCodeIgniter(Object(CodeIgniter\CodeIgniter))
 6 FCPATH/index.php(56): CodeIgniter\Boot::bootWeb(Object(Config\Paths))
DEBUG - 2026-07-29 16:20:07 --> Session: Class initialized using 'CodeIgniter\Session\Handlers\FileHandler' driver.
WARNING - 2026-07-29 16:20:07 --> [DEPRECATED] Creation of dynamic property App\Controllers\Apps\ActivityGalleryController::$apps is deprecated in APPPATH/Controllers/BaseController.php on line 54.
 1 SYSTEMPATH/CodeIgniter.php(904): App\Controllers\BaseController->initController(Object(CodeIgniter\HTTP\IncomingRequest), Object(CodeIgniter\HTTP\Response), Object(CodeIgniter\Log\Logger))
 2 SYSTEMPATH/CodeIgniter.php(498): CodeIgniter\CodeIgniter->createController()
 3 SYSTEMPATH/CodeIgniter.php(354): CodeIgniter\CodeIgniter->handleRequest(null, Object(Config\Cache), false)
 4 SYSTEMPATH/Boot.php(334): CodeIgniter\CodeIgniter->run()
 5 SYSTEMPATH/Boot.php(67): CodeIgniter\Boot::runCodeIgniter(Object(CodeIgniter\CodeIgniter))
 6 FCPATH/index.php(56): CodeIgniter\Boot::bootWeb(Object(Config\Paths))
DEBUG - 2026-07-29 16:20:12 --> Session: Class initialized using 'CodeIgniter\Session\Handlers\FileHandler' driver.
WARNING - 2026-07-29 16:20:13 --> [DEPRECATED] Creation of dynamic property App\Controllers\Apps\ActivityGalleryController::$apps is deprecated in APPPATH/Controllers/BaseController.php on line 54.
 1 SYSTEMPATH/CodeIgniter.php(904): App\Controllers\BaseController->initController(Object(CodeIgniter\HTTP\IncomingRequest), Object(CodeIgniter\HTTP\Response), Object(CodeIgniter\Log\Logger))
 2 SYSTEMPATH/CodeIgniter.php(498): CodeIgniter\CodeIgniter->createController()
 3 SYSTEMPATH/CodeIgniter.php(354): CodeIgniter\CodeIgniter->handleRequest(null, Object(Config\Cache), false)
 4 SYSTEMPATH/Boot.php(334): CodeIgniter\CodeIgniter->run()
 5 SYSTEMPATH/Boot.php(67): CodeIgniter\Boot::runCodeIgniter(Object(CodeIgniter\CodeIgniter))
 6 FCPATH/index.php(56): CodeIgniter\Boot::bootWeb(Object(Config\Paths))
DEBUG - 2026-07-29 16:20:54 --> Session: Class initialized using 'CodeIgniter\Session\Handlers\FileHandler' driver.
DEBUG - 2026-07-29 16:20:57 --> Session: Class initialized using 'CodeIgniter\Session\Handlers\FileHandler' driver.
DEBUG - 2026-07-29 16:21:30 --> Session: Class initialized using 'CodeIgniter\Session\Handlers\FileHandler' driver.
WARNING - 2026-07-29 16:21:31 --> [DEPRECATED] Creation of dynamic property App\Controllers\Apps\ActivityGalleryController::$apps is deprecated in APPPATH/Controllers/BaseController.php on line 54.
 1 SYSTEMPATH/CodeIgniter.php(904): App\Controllers\BaseController->initController(Object(CodeIgniter\HTTP\IncomingRequest), Object(CodeIgniter\HTTP\Response), Object(CodeIgniter\Log\Logger))
 2 SYSTEMPATH/CodeIgniter.php(498): CodeIgniter\CodeIgniter->createController()
 3 SYSTEMPATH/CodeIgniter.php(354): CodeIgniter\CodeIgniter->handleRequest(null, Object(Config\Cache), false)
 4 SYSTEMPATH/Boot.php(334): CodeIgniter\CodeIgniter->run()
 5 SYSTEMPATH/Boot.php(67): CodeIgniter\Boot::runCodeIgniter(Object(CodeIgniter\CodeIgniter))
 6 FCPATH/index.php(56): CodeIgniter\Boot::bootWeb(Object(Config\Paths))
DEBUG - 2026-07-29 16:21:37 --> Session: Class initialized using 'CodeIgniter\Session\Handlers\FileHandler' driver.
WARNING - 2026-07-29 16:21:38 --> [DEPRECATED] Creation of dynamic property App\Controllers\Apps\ActivityGalleryController::$apps is deprecated in APPPATH/Controllers/BaseController.php on line 54.
 1 SYSTEMPATH/CodeIgniter.php(904): App\Controllers\BaseController->initController(Object(CodeIgniter\HTTP\IncomingRequest), Object(CodeIgniter\HTTP\Response), Object(CodeIgniter\Log\Logger))
 2 SYSTEMPATH/CodeIgniter.php(498): CodeIgniter\CodeIgniter->createController()
 3 SYSTEMPATH/CodeIgniter.php(354): CodeIgniter\CodeIgniter->handleRequest(null, Object(Config\Cache), false)
 4 SYSTEMPATH/Boot.php(334): CodeIgniter\CodeIgniter->run()
 5 SYSTEMPATH/Boot.php(67): CodeIgniter\Boot::runCodeIgniter(Object(CodeIgniter\CodeIgniter))
 6 FCPATH/index.php(56): CodeIgniter\Boot::bootWeb(Object(Config\Paths))
DEBUG - 2026-07-29 16:24:46 --> Session: Class initialized using 'CodeIgniter\Session\Handlers\FileHandler' driver.
WARNING - 2026-07-29 16:24:47 --> [DEPRECATED] Creation of dynamic property App\Controllers\Apps\ActivityGalleryController::$apps is deprecated in APPPATH/Controllers/BaseController.php on line 54.
 1 SYSTEMPATH/CodeIgniter.php(904): App\Controllers\BaseController->initController(Object(CodeIgniter\HTTP\IncomingRequest), Object(CodeIgniter\HTTP\Response), Object(CodeIgniter\Log\Logger))
 2 SYSTEMPATH/CodeIgniter.php(498): CodeIgniter\CodeIgniter->createController()
 3 SYSTEMPATH/CodeIgniter.php(354): CodeIgniter\CodeIgniter->handleRequest(null, Object(Config\Cache), false)
 4 SYSTEMPATH/Boot.php(334): CodeIgniter\CodeIgniter->run()
 5 SYSTEMPATH/Boot.php(67): CodeIgniter\Boot::runCodeIgniter(Object(CodeIgniter\CodeIgniter))
 6 FCPATH/index.php(56): CodeIgniter\Boot::bootWeb(Object(Config\Paths))
DEBUG - 2026-07-29 16:24:56 --> Session: Class initialized using 'CodeIgniter\Session\Handlers\FileHandler' driver.
WARNING - 2026-07-29 16:24:57 --> [DEPRECATED] Creation of dynamic property App\Controllers\Apps\ActivityGalleryController::$apps is deprecated in APPPATH/Controllers/BaseController.php on line 54.
 1 SYSTEMPATH/CodeIgniter.php(904): App\Controllers\BaseController->initController(Object(CodeIgniter\HTTP\IncomingRequest), Object(CodeIgniter\HTTP\Response), Object(CodeIgniter\Log\Logger))
 2 SYSTEMPATH/CodeIgniter.php(498): CodeIgniter\CodeIgniter->createController()
 3 SYSTEMPATH/CodeIgniter.php(354): CodeIgniter\CodeIgniter->handleRequest(null, Object(Config\Cache), false)
 4 SYSTEMPATH/Boot.php(334): CodeIgniter\CodeIgniter->run()
 5 SYSTEMPATH/Boot.php(67): CodeIgniter\Boot::runCodeIgniter(Object(CodeIgniter\CodeIgniter))
 6 FCPATH/index.php(56): CodeIgniter\Boot::bootWeb(Object(Config\Paths))
DEBUG - 2026-07-29 16:26:06 --> Session: Class initialized using 'CodeIgniter\Session\Handlers\FileHandler' driver.
WARNING - 2026-07-29 16:26:07 --> [DEPRECATED] Creation of dynamic property App\Controllers\Apps\ActivityGalleryController::$apps is deprecated in APPPATH/Controllers/BaseController.php on line 54.
 1 SYSTEMPATH/CodeIgniter.php(904): App\Controllers\BaseController->initController(Object(CodeIgniter\HTTP\IncomingRequest), Object(CodeIgniter\HTTP\Response), Object(CodeIgniter\Log\Logger))
 2 SYSTEMPATH/CodeIgniter.php(498): CodeIgniter\CodeIgniter->createController()
 3 SYSTEMPATH/CodeIgniter.php(354): CodeIgniter\CodeIgniter->handleRequest(null, Object(Config\Cache), false)
 4 SYSTEMPATH/Boot.php(334): CodeIgniter\CodeIgniter->run()
 5 SYSTEMPATH/Boot.php(67): CodeIgniter\Boot::runCodeIgniter(Object(CodeIgniter\CodeIgniter))
 6 FCPATH/index.php(56): CodeIgniter\Boot::bootWeb(Object(Config\Paths))
DEBUG - 2026-07-29 16:26:12 --> Session: Class initialized using 'CodeIgniter\Session\Handlers\FileHandler' driver.
WARNING - 2026-07-29 16:26:12 --> [DEPRECATED] Creation of dynamic property App\Controllers\Apps\ActivityGalleryController::$apps is deprecated in APPPATH/Controllers/BaseController.php on line 54.
 1 SYSTEMPATH/CodeIgniter.php(904): App\Controllers\BaseController->initController(Object(CodeIgniter\HTTP\IncomingRequest), Object(CodeIgniter\HTTP\Response), Object(CodeIgniter\Log\Logger))
 2 SYSTEMPATH/CodeIgniter.php(498): CodeIgniter\CodeIgniter->createController()
 3 SYSTEMPATH/CodeIgniter.php(354): CodeIgniter\CodeIgniter->handleRequest(null, Object(Config\Cache), false)
 4 SYSTEMPATH/Boot.php(334): CodeIgniter\CodeIgniter->run()
 5 SYSTEMPATH/Boot.php(67): CodeIgniter\Boot::runCodeIgniter(Object(CodeIgniter\CodeIgniter))
 6 FCPATH/index.php(56): CodeIgniter\Boot::bootWeb(Object(Config\Paths))
DEBUG - 2026-07-29 16:26:36 --> Session: Class initialized using 'CodeIgniter\Session\Handlers\FileHandler' driver.
WARNING - 2026-07-29 16:26:36 --> [DEPRECATED] Creation of dynamic property App\Controllers\Apps\ActivityGalleryController::$apps is deprecated in APPPATH/Controllers/BaseController.php on line 54.
 1 SYSTEMPATH/CodeIgniter.php(904): App\Controllers\BaseController->initController(Object(CodeIgniter\HTTP\IncomingRequest), Object(CodeIgniter\HTTP\Response), Object(CodeIgniter\Log\Logger))
 2 SYSTEMPATH/CodeIgniter.php(498): CodeIgniter\CodeIgniter->createController()
 3 SYSTEMPATH/CodeIgniter.php(354): CodeIgniter\CodeIgniter->handleRequest(null, Object(Config\Cache), false)
 4 SYSTEMPATH/Boot.php(334): CodeIgniter\CodeIgniter->run()
 5 SYSTEMPATH/Boot.php(67): CodeIgniter\Boot::runCodeIgniter(Object(CodeIgniter\CodeIgniter))
 6 FCPATH/index.php(56): CodeIgniter\Boot::bootWeb(Object(Config\Paths))
DEBUG - 2026-07-29 16:26:41 --> Session: Class initialized using 'CodeIgniter\Session\Handlers\FileHandler' driver.
WARNING - 2026-07-29 16:26:42 --> [DEPRECATED] Creation of dynamic property App\Controllers\Apps\ActivityGalleryController::$apps is deprecated in APPPATH/Controllers/BaseController.php on line 54.
 1 SYSTEMPATH/CodeIgniter.php(904): App\Controllers\BaseController->initController(Object(CodeIgniter\HTTP\IncomingRequest), Object(CodeIgniter\HTTP\Response), Object(CodeIgniter\Log\Logger))
 2 SYSTEMPATH/CodeIgniter.php(498): CodeIgniter\CodeIgniter->createController()
 3 SYSTEMPATH/CodeIgniter.php(354): CodeIgniter\CodeIgniter->handleRequest(null, Object(Config\Cache), false)
 4 SYSTEMPATH/Boot.php(334): CodeIgniter\CodeIgniter->run()
 5 SYSTEMPATH/Boot.php(67): CodeIgniter\Boot::runCodeIgniter(Object(CodeIgniter\CodeIgniter))
 6 FCPATH/index.php(56): CodeIgniter\Boot::bootWeb(Object(Config\Paths))
DEBUG - 2026-07-29 16:26:59 --> Session: Class initialized using 'CodeIgniter\Session\Handlers\FileHandler' driver.
WARNING - 2026-07-29 16:27:00 --> [DEPRECATED] Creation of dynamic property App\Controllers\Apps\AppsController::$apps is deprecated in APPPATH/Controllers/Apps/AppsController.php on line 14.
 1 SYSTEMPATH/CodeIgniter.php(903): App\Controllers\Apps\AppsController->__construct()
 2 SYSTEMPATH/CodeIgniter.php(498): CodeIgniter\CodeIgniter->createController()
 3 SYSTEMPATH/CodeIgniter.php(354): CodeIgniter\CodeIgniter->handleRequest(null, Object(Config\Cache), false)
 4 SYSTEMPATH/Boot.php(334): CodeIgniter\CodeIgniter->run()
 5 SYSTEMPATH/Boot.php(67): CodeIgniter\Boot::runCodeIgniter(Object(CodeIgniter\CodeIgniter))
 6 FCPATH/index.php(56): CodeIgniter\Boot::bootWeb(Object(Config\Paths))
DEBUG - 2026-07-29 16:27:02 --> Session: Class initialized using 'CodeIgniter\Session\Handlers\FileHandler' driver.
WARNING - 2026-07-29 16:27:03 --> [DEPRECATED] Creation of dynamic property App\Controllers\Apps\FetchData::$apps is deprecated in APPPATH/Controllers/Apps/FetchData.php on line 21.
 1 SYSTEMPATH/CodeIgniter.php(903): App\Controllers\Apps\FetchData->__construct()
 2 SYSTEMPATH/CodeIgniter.php(498): CodeIgniter\CodeIgniter->createController()
 3 SYSTEMPATH/CodeIgniter.php(354): CodeIgniter\CodeIgniter->handleRequest(null, Object(Config\Cache), false)
 4 SYSTEMPATH/Boot.php(334): CodeIgniter\CodeIgniter->run()
 5 SYSTEMPATH/Boot.php(67): CodeIgniter\Boot::runCodeIgniter(Object(CodeIgniter\CodeIgniter))
 6 FCPATH/index.php(56): CodeIgniter\Boot::bootWeb(Object(Config\Paths))
DEBUG - 2026-07-29 16:28:07 --> Session: Class initialized using 'CodeIgniter\Session\Handlers\FileHandler' driver.
WARNING - 2026-07-29 16:28:07 --> [DEPRECATED] Creation of dynamic property App\Controllers\Apps\AppsController::$apps is deprecated in APPPATH/Controllers/Apps/AppsController.php on line 14.
 1 SYSTEMPATH/CodeIgniter.php(903): App\Controllers\Apps\AppsController->__construct()
 2 SYSTEMPATH/CodeIgniter.php(498): CodeIgniter\CodeIgniter->createController()
 3 SYSTEMPATH/CodeIgniter.php(354): CodeIgniter\CodeIgniter->handleRequest(null, Object(Config\Cache), false)
 4 SYSTEMPATH/Boot.php(334): CodeIgniter\CodeIgniter->run()
 5 SYSTEMPATH/Boot.php(67): CodeIgniter\Boot::runCodeIgniter(Object(CodeIgniter\CodeIgniter))
 6 FCPATH/index.php(56): CodeIgniter\Boot::bootWeb(Object(Config\Paths))
DEBUG - 2026-07-29 16:28:10 --> Session: Class initialized using 'CodeIgniter\Session\Handlers\FileHandler' driver.
WARNING - 2026-07-29 16:28:11 --> [DEPRECATED] Creation of dynamic property App\Controllers\Apps\FetchData::$apps is deprecated in APPPATH/Controllers/Apps/FetchData.php on line 21.
 1 SYSTEMPATH/CodeIgniter.php(903): App\Controllers\Apps\FetchData->__construct()
 2 SYSTEMPATH/CodeIgniter.php(498): CodeIgniter\CodeIgniter->createController()
 3 SYSTEMPATH/CodeIgniter.php(354): CodeIgniter\CodeIgniter->handleRequest(null, Object(Config\Cache), false)
 4 SYSTEMPATH/Boot.php(334): CodeIgniter\CodeIgniter->run()
 5 SYSTEMPATH/Boot.php(67): CodeIgniter\Boot::runCodeIgniter(Object(CodeIgniter\CodeIgniter))
 6 FCPATH/index.php(56): CodeIgniter\Boot::bootWeb(Object(Config\Paths))
DEBUG - 2026-07-29 16:29:10 --> Session: Class initialized using 'CodeIgniter\Session\Handlers\FileHandler' driver.
WARNING - 2026-07-29 16:29:11 --> [DEPRECATED] Creation of dynamic property App\Controllers\Apps\ActivityGalleryController::$apps is deprecated in APPPATH/Controllers/BaseController.php on line 54.
 1 SYSTEMPATH/CodeIgniter.php(904): App\Controllers\BaseController->initController(Object(CodeIgniter\HTTP\IncomingRequest), Object(CodeIgniter\HTTP\Response), Object(CodeIgniter\Log\Logger))
 2 SYSTEMPATH/CodeIgniter.php(498): CodeIgniter\CodeIgniter->createController()
 3 SYSTEMPATH/CodeIgniter.php(354): CodeIgniter\CodeIgniter->handleRequest(null, Object(Config\Cache), false)
 4 SYSTEMPATH/Boot.php(334): CodeIgniter\CodeIgniter->run()
 5 SYSTEMPATH/Boot.php(67): CodeIgniter\Boot::runCodeIgniter(Object(CodeIgniter\CodeIgniter))
 6 FCPATH/index.php(56): CodeIgniter\Boot::bootWeb(Object(Config\Paths))
DEBUG - 2026-07-29 16:29:17 --> Session: Class initialized using 'CodeIgniter\Session\Handlers\FileHandler' driver.
WARNING - 2026-07-29 16:29:18 --> [DEPRECATED] Creation of dynamic property App\Controllers\Apps\ActivityGalleryController::$apps is deprecated in APPPATH/Controllers/BaseController.php on line 54.
 1 SYSTEMPATH/CodeIgniter.php(904): App\Controllers\BaseController->initController(Object(CodeIgniter\HTTP\IncomingRequest), Object(CodeIgniter\HTTP\Response), Object(CodeIgniter\Log\Logger))
 2 SYSTEMPATH/CodeIgniter.php(498): CodeIgniter\CodeIgniter->createController()
 3 SYSTEMPATH/CodeIgniter.php(354): CodeIgniter\CodeIgniter->handleRequest(null, Object(Config\Cache), false)
 4 SYSTEMPATH/Boot.php(334): CodeIgniter\CodeIgniter->run()
 5 SYSTEMPATH/Boot.php(67): CodeIgniter\Boot::runCodeIgniter(Object(CodeIgniter\CodeIgniter))
 6 FCPATH/index.php(56): CodeIgniter\Boot::bootWeb(Object(Config\Paths))
DEBUG - 2026-07-29 16:34:44 --> Session: Class initialized using 'CodeIgniter\Session\Handlers\FileHandler' driver.
WARNING - 2026-07-29 16:34:45 --> [DEPRECATED] Creation of dynamic property App\Controllers\Apps\ActivityGalleryController::$apps is deprecated in APPPATH/Controllers/BaseController.php on line 54.
 1 SYSTEMPATH/CodeIgniter.php(904): App\Controllers\BaseController->initController(Object(CodeIgniter\HTTP\IncomingRequest), Object(CodeIgniter\HTTP\Response), Object(CodeIgniter\Log\Logger))
 2 SYSTEMPATH/CodeIgniter.php(498): CodeIgniter\CodeIgniter->createController()
 3 SYSTEMPATH/CodeIgniter.php(354): CodeIgniter\CodeIgniter->handleRequest(null, Object(Config\Cache), false)
 4 SYSTEMPATH/Boot.php(334): CodeIgniter\CodeIgniter->run()
 5 SYSTEMPATH/Boot.php(67): CodeIgniter\Boot::runCodeIgniter(Object(CodeIgniter\CodeIgniter))
 6 FCPATH/index.php(56): CodeIgniter\Boot::bootWeb(Object(Config\Paths))
DEBUG - 2026-07-29 16:34:53 --> Session: Class initialized using 'CodeIgniter\Session\Handlers\FileHandler' driver.
WARNING - 2026-07-29 16:34:54 --> [DEPRECATED] Creation of dynamic property App\Controllers\Apps\ActivityGalleryController::$apps is deprecated in APPPATH/Controllers/BaseController.php on line 54.
 1 SYSTEMPATH/CodeIgniter.php(904): App\Controllers\BaseController->initController(Object(CodeIgniter\HTTP\IncomingRequest), Object(CodeIgniter\HTTP\Response), Object(CodeIgniter\Log\Logger))
 2 SYSTEMPATH/CodeIgniter.php(498): CodeIgniter\CodeIgniter->createController()
 3 SYSTEMPATH/CodeIgniter.php(354): CodeIgniter\CodeIgniter->handleRequest(null, Object(Config\Cache), false)
 4 SYSTEMPATH/Boot.php(334): CodeIgniter\CodeIgniter->run()
 5 SYSTEMPATH/Boot.php(67): CodeIgniter\Boot::runCodeIgniter(Object(CodeIgniter\CodeIgniter))
 6 FCPATH/index.php(56): CodeIgniter\Boot::bootWeb(Object(Config\Paths))
DEBUG - 2026-07-29 16:35:02 --> Session: Class initialized using 'CodeIgniter\Session\Handlers\FileHandler' driver.
WARNING - 2026-07-29 16:35:03 --> [DEPRECATED] Creation of dynamic property App\Controllers\Apps\AppsController::$apps is deprecated in APPPATH/Controllers/Apps/AppsController.php on line 14.
 1 SYSTEMPATH/CodeIgniter.php(903): App\Controllers\Apps\AppsController->__construct()
 2 SYSTEMPATH/CodeIgniter.php(498): CodeIgniter\CodeIgniter->createController()
 3 SYSTEMPATH/CodeIgniter.php(354): CodeIgniter\CodeIgniter->handleRequest(null, Object(Config\Cache), false)
 4 SYSTEMPATH/Boot.php(334): CodeIgniter\CodeIgniter->run()
 5 SYSTEMPATH/Boot.php(67): CodeIgniter\Boot::runCodeIgniter(Object(CodeIgniter\CodeIgniter))
 6 FCPATH/index.php(56): CodeIgniter\Boot::bootWeb(Object(Config\Paths))
DEBUG - 2026-07-29 16:35:06 --> Session: Class initialized using 'CodeIgniter\Session\Handlers\FileHandler' driver.
WARNING - 2026-07-29 16:35:07 --> [DEPRECATED] Creation of dynamic property App\Controllers\Apps\FetchData::$apps is deprecated in APPPATH/Controllers/Apps/FetchData.php on line 21.
 1 SYSTEMPATH/CodeIgniter.php(903): App\Controllers\Apps\FetchData->__construct()
 2 SYSTEMPATH/CodeIgniter.php(498): CodeIgniter\CodeIgniter->createController()
 3 SYSTEMPATH/CodeIgniter.php(354): CodeIgniter\CodeIgniter->handleRequest(null, Object(Config\Cache), false)
 4 SYSTEMPATH/Boot.php(334): CodeIgniter\CodeIgniter->run()
 5 SYSTEMPATH/Boot.php(67): CodeIgniter\Boot::runCodeIgniter(Object(CodeIgniter\CodeIgniter))
 6 FCPATH/index.php(56): CodeIgniter\Boot::bootWeb(Object(Config\Paths))
DEBUG - 2026-07-29 16:35:13 --> Session: Class initialized using 'CodeIgniter\Session\Handlers\FileHandler' driver.
WARNING - 2026-07-29 16:35:13 --> [DEPRECATED] Creation of dynamic property App\Controllers\Apps\AppsController::$apps is deprecated in APPPATH/Controllers/Apps/AppsController.php on line 14.
 1 SYSTEMPATH/CodeIgniter.php(903): App\Controllers\Apps\AppsController->__construct()
 2 SYSTEMPATH/CodeIgniter.php(498): CodeIgniter\CodeIgniter->createController()
 3 SYSTEMPATH/CodeIgniter.php(354): CodeIgniter\CodeIgniter->handleRequest(null, Object(Config\Cache), false)
 4 SYSTEMPATH/Boot.php(334): CodeIgniter\CodeIgniter->run()
 5 SYSTEMPATH/Boot.php(67): CodeIgniter\Boot::runCodeIgniter(Object(CodeIgniter\CodeIgniter))
 6 FCPATH/index.php(56): CodeIgniter\Boot::bootWeb(Object(Config\Paths))
DEBUG - 2026-07-29 16:35:17 --> Session: Class initialized using 'CodeIgniter\Session\Handlers\FileHandler' driver.
WARNING - 2026-07-29 16:35:17 --> [DEPRECATED] Creation of dynamic property App\Controllers\Apps\FetchData::$apps is deprecated in APPPATH/Controllers/Apps/FetchData.php on line 21.
 1 SYSTEMPATH/CodeIgniter.php(903): App\Controllers\Apps\FetchData->__construct()
 2 SYSTEMPATH/CodeIgniter.php(498): CodeIgniter\CodeIgniter->createController()
 3 SYSTEMPATH/CodeIgniter.php(354): CodeIgniter\CodeIgniter->handleRequest(null, Object(Config\Cache), false)
 4 SYSTEMPATH/Boot.php(334): CodeIgniter\CodeIgniter->run()
 5 SYSTEMPATH/Boot.php(67): CodeIgniter\Boot::runCodeIgniter(Object(CodeIgniter\CodeIgniter))
 6 FCPATH/index.php(56): CodeIgniter\Boot::bootWeb(Object(Config\Paths))
DEBUG - 2026-07-29 16:35:45 --> Session: Class initialized using 'CodeIgniter\Session\Handlers\FileHandler' driver.
WARNING - 2026-07-29 16:35:46 --> [DEPRECATED] Creation of dynamic property App\Controllers\Apps\ActivityGalleryController::$apps is deprecated in APPPATH/Controllers/BaseController.php on line 54.
 1 SYSTEMPATH/CodeIgniter.php(904): App\Controllers\BaseController->initController(Object(CodeIgniter\HTTP\IncomingRequest), Object(CodeIgniter\HTTP\Response), Object(CodeIgniter\Log\Logger))
 2 SYSTEMPATH/CodeIgniter.php(498): CodeIgniter\CodeIgniter->createController()
 3 SYSTEMPATH/CodeIgniter.php(354): CodeIgniter\CodeIgniter->handleRequest(null, Object(Config\Cache), false)
 4 SYSTEMPATH/Boot.php(334): CodeIgniter\CodeIgniter->run()
 5 SYSTEMPATH/Boot.php(67): CodeIgniter\Boot::runCodeIgniter(Object(CodeIgniter\CodeIgniter))
 6 FCPATH/index.php(56): CodeIgniter\Boot::bootWeb(Object(Config\Paths))
DEBUG - 2026-07-29 16:35:52 --> Session: Class initialized using 'CodeIgniter\Session\Handlers\FileHandler' driver.
WARNING - 2026-07-29 16:35:52 --> [DEPRECATED] Creation of dynamic property App\Controllers\Apps\ActivityGalleryController::$apps is deprecated in APPPATH/Controllers/BaseController.php on line 54.
 1 SYSTEMPATH/CodeIgniter.php(904): App\Controllers\BaseController->initController(Object(CodeIgniter\HTTP\IncomingRequest), Object(CodeIgniter\HTTP\Response), Object(CodeIgniter\Log\Logger))
 2 SYSTEMPATH/CodeIgniter.php(498): CodeIgniter\CodeIgniter->createController()
 3 SYSTEMPATH/CodeIgniter.php(354): CodeIgniter\CodeIgniter->handleRequest(null, Object(Config\Cache), false)
 4 SYSTEMPATH/Boot.php(334): CodeIgniter\CodeIgniter->run()
 5 SYSTEMPATH/Boot.php(67): CodeIgniter\Boot::runCodeIgniter(Object(CodeIgniter\CodeIgniter))
 6 FCPATH/index.php(56): CodeIgniter\Boot::bootWeb(Object(Config\Paths))
DEBUG - 2026-07-29 16:36:20 --> Session: Class initialized using 'CodeIgniter\Session\Handlers\FileHandler' driver.
WARNING - 2026-07-29 16:36:21 --> [DEPRECATED] Creation of dynamic property App\Controllers\Apps\ActivityGalleryController::$apps is deprecated in APPPATH/Controllers/BaseController.php on line 54.
 1 SYSTEMPATH/CodeIgniter.php(904): App\Controllers\BaseController->initController(Object(CodeIgniter\HTTP\IncomingRequest), Object(CodeIgniter\HTTP\Response), Object(CodeIgniter\Log\Logger))
 2 SYSTEMPATH/CodeIgniter.php(498): CodeIgniter\CodeIgniter->createController()
 3 SYSTEMPATH/CodeIgniter.php(354): CodeIgniter\CodeIgniter->handleRequest(null, Object(Config\Cache), false)
 4 SYSTEMPATH/Boot.php(334): CodeIgniter\CodeIgniter->run()
 5 SYSTEMPATH/Boot.php(67): CodeIgniter\Boot::runCodeIgniter(Object(CodeIgniter\CodeIgniter))
 6 FCPATH/index.php(56): CodeIgniter\Boot::bootWeb(Object(Config\Paths))
DEBUG - 2026-07-29 16:36:26 --> Session: Class initialized using 'CodeIgniter\Session\Handlers\FileHandler' driver.
WARNING - 2026-07-29 16:36:27 --> [DEPRECATED] Creation of dynamic property App\Controllers\Apps\ActivityGalleryController::$apps is deprecated in APPPATH/Controllers/BaseController.php on line 54.
 1 SYSTEMPATH/CodeIgniter.php(904): App\Controllers\BaseController->initController(Object(CodeIgniter\HTTP\IncomingRequest), Object(CodeIgniter\HTTP\Response), Object(CodeIgniter\Log\Logger))
 2 SYSTEMPATH/CodeIgniter.php(498): CodeIgniter\CodeIgniter->createController()
 3 SYSTEMPATH/CodeIgniter.php(354): CodeIgniter\CodeIgniter->handleRequest(null, Object(Config\Cache), false)
 4 SYSTEMPATH/Boot.php(334): CodeIgniter\CodeIgniter->run()
 5 SYSTEMPATH/Boot.php(67): CodeIgniter\Boot::runCodeIgniter(Object(CodeIgniter\CodeIgniter))
 6 FCPATH/index.php(56): CodeIgniter\Boot::bootWeb(Object(Config\Paths))
DEBUG - 2026-07-29 16:41:33 --> Session: Class initialized using 'CodeIgniter\Session\Handlers\FileHandler' driver.
WARNING - 2026-07-29 16:41:33 --> [DEPRECATED] Creation of dynamic property App\Controllers\Apps\AppsController::$apps is deprecated in APPPATH/Controllers/Apps/AppsController.php on line 14.
 1 SYSTEMPATH/CodeIgniter.php(903): App\Controllers\Apps\AppsController->__construct()
 2 SYSTEMPATH/CodeIgniter.php(498): CodeIgniter\CodeIgniter->createController()
 3 SYSTEMPATH/CodeIgniter.php(354): CodeIgniter\CodeIgniter->handleRequest(null, Object(Config\Cache), false)
 4 SYSTEMPATH/Boot.php(334): CodeIgniter\CodeIgniter->run()
 5 SYSTEMPATH/Boot.php(67): CodeIgniter\Boot::runCodeIgniter(Object(CodeIgniter\CodeIgniter))
 6 FCPATH/index.php(56): CodeIgniter\Boot::bootWeb(Object(Config\Paths))
DEBUG - 2026-07-29 16:41:38 --> Session: Class initialized using 'CodeIgniter\Session\Handlers\FileHandler' driver.
WARNING - 2026-07-29 16:41:39 --> [DEPRECATED] Creation of dynamic property App\Controllers\Apps\FetchData::$apps is deprecated in APPPATH/Controllers/Apps/FetchData.php on line 21.
 1 SYSTEMPATH/CodeIgniter.php(903): App\Controllers\Apps\FetchData->__construct()
 2 SYSTEMPATH/CodeIgniter.php(498): CodeIgniter\CodeIgniter->createController()
 3 SYSTEMPATH/CodeIgniter.php(354): CodeIgniter\CodeIgniter->handleRequest(null, Object(Config\Cache), false)
 4 SYSTEMPATH/Boot.php(334): CodeIgniter\CodeIgniter->run()
 5 SYSTEMPATH/Boot.php(67): CodeIgniter\Boot::runCodeIgniter(Object(CodeIgniter\CodeIgniter))
 6 FCPATH/index.php(56): CodeIgniter\Boot::bootWeb(Object(Config\Paths))
